timestamp,cell_id,network_type,frequency_band,rsrp_dbm,rsrq_db,sinr_db,rssi_dbm,latency_ms,packet_loss_pct,handover_count,throughput_mbps,hour,day_of_week,is_weekend,signal_quality_score,latency_signal_ratio,loss_latency_interaction
2026-01-01 00:00:00,CELL_100,5G,n77,-106.81,-3.4,22.67,-82.78,61.61,0.762,0,131.77,0,3,0,37.3865,2.6028728348119983,46.94682
2026-01-01 00:05:00,CELL_119,LTE,B12,-105.19,-6.56,24.74,-85.35,60.32,1.336,0,71.66,0,3,0,37.9465,2.3434343434343434,80.58752000000001
2026-01-01 00:10:00,CELL_126,5G,n41,-62.05,-7.64,18.02,-49.0,21.03,0.13,0,177.29,0,3,0,55.0735,1.1056782334384858,2.7339
2026-01-01 00:15:00,CELL_104,5G,n77,-70.58,-12.16,4.67,-47.28,31.73,0.649,0,167.76,0,3,0,46.099999999999994,5.596119929453263,20.59277
2026-01-01 00:20:00,CELL_122,LTE,B12,-99.35,-13.65,16.43,-88.84,43.82,0.525,1,72.12,0,3,0,36.309000000000005,2.5140562248995986,23.0055
2026-01-01 00:25:00,,5G,n77,-98.73,-8.63,18.96,-72.72,55.89,2.512,0,114.72,0,3,0,38.602000000000004,2.8001002004008013,140.39568
2026-01-01 00:30:00,CELL_128,5G,n41,-108.94,-14.3,18.08,-89.94,39.56,1.116,0,106.39,0,3,0,32.326,2.073375262054508,44.14896000000001
2026-01-01 00:35:00,CELL_107,5G,n41,-118.81,-11.72,18.49,-114.06,35.64,1.29,0,98.01,0,3,0,28.652499999999996,1.8286300667008724,45.9756
2026-01-01 00:40:00,CELL_106,LTE,B12,-95.52,-11.34,15.54,-79.22,39.0,0.617,1,74.26,0,3,0,38.343,2.357920193470375,24.063
2026-01-01 00:45:00,CELL_100,LTE,B12,-106.97,-6.22,12.49,-85.7,41.24,0.471,1,60.89,0,3,0,33.5555,3.057079318013343,19.42404
2026-01-01 00:50:00,CELL_121,LTE,B4,-95.1,-12.06,8.74,-78.29,61.57,0.904,0,48.4,0,3,0,36.312,6.32135523613963,55.65928
2026-01-01 00:55:00,CELL_126,5G,n41,-114.8,-18.32,-0.29,-93.23,33.06,0.383,1,87.47,0,3,0,23.173000000000002,25.627906976744185,12.661980000000002
2026-01-01 01:00:00,CELL_100,5G,n77,-103.91,,15.38,-90.16,27.08,0.264,1,133.02,1,3,0,,1.653235653235653,7.14912
2026-01-01 01:05:00,CELL_114,5G,n77,-92.07,-13.1,14.3,-80.6,24.53,0.426,0,178.39,1,3,0,39.0835,1.6032679738562092,10.44978
2026-01-01 01:10:00,CELL_121,LTE,B2,-89.24,-10.87,16.9,-71.6,33.69,1.748,0,74.83,1,3,0,41.694500000000005,1.882122905027933,58.890119999999996
2026-01-01 01:15:00,CELL_123,LTE,B12,-88.57,-11.26,3.64,-70.42,20.97,0.347,1,81.09,1,3,0,37.920500000000004,4.519396551724137,7.276589999999999
2026-01-01 01:20:00,CELL_127,LTE,B66,-111.17,-11.82,17.52,-94.91,30.74,0.405,1,75.47,1,3,0,31.774499999999996,1.6598272138228942,12.4497
2026-01-01 01:25:00,CELL_121,LTE,B66,-82.89,-8.63,27.38,-58.75,64.48,0.228,2,104.87,1,3,0,48.256,2.2720225510923187,14.701440000000002
2026-01-01 01:30:00,CELL_127,5G,n77,-104.4,-15.6,13.55,-90.65,29.9,1.541,0,126.58,1,3,0,32.685,2.0549828178694156,46.0759
2026-01-01 01:35:00,CELL_129,5G,n77,-85.77,-12.55,12.57,-66.21,43.57,1.207,0,153.76,1,3,0,41.537,3.210759027266028,52.58899
2026-01-01 01:40:00,CELL_127,5G,n41,-94.14,-8.95,15.16,-75.8,5.0,0.428,2,156.49,1,3,0,39.4475,0.3094059405940594,2.14
2026-01-01 01:45:00,CELL_113,LTE,B66,-111.89,-12.84,27.23,-101.68,50.52,2.121,0,93.98,1,3,0,34.1085,1.789585547290117,107.15292000000001
2026-01-01 01:50:00,CELL_112,5G,n77,-98.11,-15.83,5.83,-86.71,30.58,0.349,0,97.51,1,3,0,33.141999999999996,4.477306002928257,10.672419999999999
2026-01-01 01:55:00,CELL_112,5G,n77,-89.25,-8.99,14.42,-71.19,25.78,0.55,0,144.51,1,3,0,41.416000000000004,1.6718547341115435,14.179000000000002
2026-01-01 02:00:00,CELL_128,5G,n41,-86.03,-7.63,7.4,-58.13,35.71,0.883,1,154.21,2,3,0,41.099000000000004,4.251190476190476,31.531930000000003
2026-01-01 02:05:00,CELL_108,LTE,B2,-95.83,-11.13,9.17,-74.94,34.56,0.248,0,88.52,2,3,0,36.345,3.3982300884955756,8.57088
2026-01-01 02:10:00,,LTE,B66,-74.09,-16.88,12.65,-64.72,10.14,0.091,3,126.41,2,3,0,45.7345,0.7428571428571429,0.92274
2026-01-01 02:15:00,CELL_118,LTE,B66,-80.9,-8.88,22.43,-78.45,55.83,0.687,2,125.56,2,3,0,47.604,2.3828425096030728,38.35521
2026-01-01 02:20:00,CELL_101,LTE,B12,-97.34,-15.98,25.61,-75.67,45.65,1.323,0,76.82,2,3,0,39.385,1.715520481022172,60.394949999999994
2026-01-01 02:25:00,CELL_114,5G,n41,,-10.07,16.14,-66.73,28.29,1.246,1,168.04,2,3,0,,1.6505250875145856,35.24934
2026-01-01 02:30:00,CELL_105,5G,n77,-68.86,-13.66,10.36,-45.15,18.51,0.31,2,187.09,2,3,0,48.205999999999996,1.6294014084507045,5.7381
2026-01-01 02:35:00,CELL_121,5G,n41,-68.51,-14.48,30.45,-54.92,10.95,0.155,2,213.04,2,3,0,54.185500000000005,0.3481717011128776,1.69725
2026-01-01 02:40:00,CELL_113,LTE,B66,-109.96,-12.33,10.01,-90.21,45.36,0.253,0,87.25,2,3,0,29.938500000000005,4.119891008174387,11.47608
2026-01-01 02:45:00,CELL_110,LTE,B2,-106.04,-11.55,9.0,-83.81,66.2,0.528,1,49.25,2,3,0,31.594499999999996,6.62,34.9536
2026-01-01 02:50:00,CELL_101,LTE,B12,-74.7,-12.93,0.58,-58.93,45.05,0.194,1,55.83,2,3,0,42.826499999999996,28.5126582278481,8.7397
2026-01-01 02:55:00,CELL_103,LTE,B4,,-9.23,22.77,-91.89,21.26,1.057,1,94.2,2,3,0,,0.894404711821624,22.47182
2026-01-01 03:00:00,CELL_122,LTE,B66,-111.19,-12.34,19.78,-93.07,45.38,2.716,0,53.1,3,3,0,32.3135,2.1838306063522617,123.25208000000002
2026-01-01 03:05:00,CELL_125,LTE,B66,-100.32,-8.06,29.92,-79.61,41.2,3.019,1,110.09,3,3,0,41.31700000000001,1.332470892626132,124.38280000000002
2026-01-01 03:10:00,CELL_108,LTE,B66,-88.54,-10.16,3.27,-70.61,54.96,1.856,2,61.09,3,3,0,38.098,12.871194379391103,102.00576000000001
2026-01-01 03:15:00,CELL_124,5G,n41,-95.33,-13.09,23.21,-72.46,42.1,1.094,0,147.99,3,3,0,40.292,1.7389508467575383,46.05740000000001
2026-01-01 03:20:00,CELL_116,LTE,B4,-102.46,-13.6,13.49,-86.77,5.0,0.194,0,108.43,3,3,0,34.040000000000006,0.3450655624568668,0.97
2026-01-01 03:25:00,CELL_110,5G,n41,-102.76,-15.94,18.64,-91.41,41.18,0.143,1,150.35,3,3,0,34.864999999999995,2.0967413441955194,5.888739999999999
2026-01-01 03:30:00,CELL_113,5G,n41,-103.26,-10.13,1.47,-75.38,17.95,1.612,0,96.32,3,3,0,30.941499999999994,7.267206477732794,28.9354
2026-01-01 03:35:00,CELL_120,LTE,B4,-105.43,-12.06,23.28,-90.46,20.67,0.242,1,96.48,3,3,0,36.0255,0.8513179571663921,5.002140000000001
2026-01-01 03:40:00,CELL_127,5G,n41,-64.34,-18.12,18.51,-49.18,30.17,0.243,1,200.97,3,3,0,51.56999999999999,1.5463864684777038,7.33131
2026-01-01 03:45:00,CELL_114,5G,n77,-90.13,-12.61,12.73,-72.46,39.16,0.823,0,138.45,3,3,0,39.608000000000004,2.8521485797523667,32.22868
2026-01-01 03:55:00,CELL_122,LTE,B66,-100.36,-6.27,7.64,-84.29,52.57,2.272,2,47.01,3,3,0,35.0625,6.0844907407407405,119.43903999999999
2026-01-01 04:00:00,CELL_115,5G,n77,-96.42,-16.11,8.94,-78.5,44.45,0.801,1,109.7,4,3,0,34.7655,4.471830985915494,35.60445000000001
2026-01-01 04:05:00,CELL_111,LTE,B12,-103.28,-15.32,9.76,-85.48,42.7,1.9,0,29.96,4,3,0,32.122,3.968401486988848,81.13
2026-01-01 04:10:00,CELL_113,LTE,B2,-128.47,-7.67,0.03,-109.6,28.99,1.224,1,12.66,4,3,0,19.78,28.145631067961162,35.48376
2026-01-01 04:15:00,CELL_116,LTE,B66,-111.91,-6.93,19.03,-105.7,27.31,0.42,0,54.86,4,3,0,33.117000000000004,1.3634548177733399,11.470199999999998
2026-01-01 04:20:00,CELL_104,5G,n41,-117.54,-13.23,21.34,-90.13,48.39,0.39,1,108.57,4,3,0,29.7015,2.166069829901522,18.8721
2026-01-01 04:25:00,CELL_101,5G,n41,-123.25,-12.9,8.09,-105.98,10.33,3.065,0,67.57,4,3,0,23.2395,1.1364136413641364,31.66145
2026-01-01 04:30:00,CELL_119,5G,n77,-109.54,-9.15,15.44,-88.64,48.97,1.236,0,96.27,4,3,0,32.5515,2.978710462287105,60.52692
2026-01-01 04:35:00,CELL_105,5G,n41,-76.78,-17.98,11.14,-65.67,30.52,0.11,2,166.37,4,3,0,43.796,2.5140032948929156,3.3572
2026-01-01 04:40:00,CELL_115,LTE,B66,-94.58,-16.58,15.3,-78.93,40.56,0.226,0,87.06,4,3,0,37.384,2.4883435582822084,9.16656
2026-01-01 04:45:00,CELL_123,LTE,B2,-77.22,-11.84,8.61,-62.58,16.38,3.654,1,86.54,4,3,0,44.374,1.704474505723205,59.85252
2026-01-01 04:50:00,CELL_106,LTE,B12,-88.66,-6.35,6.82,-63.31,39.8,0.329,0,63.91,4,3,0,40.0615,5.089514066496164,13.094199999999999
2026-01-01 04:55:00,CELL_111,LTE,B2,-83.83,-12.31,20.36,-68.76,51.2,0.25,0,102.43,4,3,0,44.807,2.397003745318352,12.8
2026-01-01 05:00:00,CELL_129,5G,n77,-105.71,-10.7,12.55,-83.92,12.95,2.063,1,128.7,5,3,0,33.020500000000006,0.9557195571955719,26.71585
2026-01-01 05:05:00,CELL_101,LTE,B12,-87.19,-7.6,27.15,-72.44,49.48,0.091,1,119.14,5,3,0,46.5095,1.7577264653641207,4.50268
2026-01-01 05:10:00,CELL_122,LTE,B4,-84.53,-4.68,13.32,-68.79,43.34,0.495,0,106.47,5,3,0,44.2875,3.0265363128491622,21.453300000000002
2026-01-01 05:15:00,CELL_105,5G,n41,-101.5,-12.73,6.52,-84.72,23.34,0.389,2,131.32,5,3,0,32.598499999999994,3.1037234042553195,9.07926
2026-01-01 05:20:00,CELL_127,LTE,n41,-86.73,-11.05,21.59,-62.31,45.82,2.907,1,147.57,5,3,0,44.186,2.028331119964586,133.19874000000002
2026-01-01 05:25:00,CELL_112,LTE,B2,-86.64,-5.53,17.42,-78.09,8.97,0.616,1,92.12,5,3,0,44.3555,0.48697068403908794,5.52552
2026-01-01 05:30:00,CELL_100,LTE,B4,-101.14,-15.57,18.09,-89.72,47.2,0.283,0,74.57,5,3,0,35.5215,2.4724986904138295,13.3576
2026-01-01 05:35:00,CELL_121,LTE,B66,-108.6,-7.92,21.33,-100.33,66.29,0.596,0,69.59,5,3,0,35.049,2.9686520376175554,39.50884
2026-01-01 05:40:00,CELL_104,LTE,B2,-109.39,-14.05,8.43,-96.83,63.6,0.783,0,33.42,5,3,0,29.291,6.744432661717922,49.7988
2026-01-01 05:45:00,CELL_110,LTE,B12,-92.88,-10.69,12.11,-78.93,47.85,0.384,0,68.8,5,3,0,38.664500000000004,3.6498855835240276,18.3744
2026-01-01 05:50:00,CELL_115,LTE,B4,-89.75,-11.73,11.8,-79.82,37.47,0.392,0,90.18,5,3,0,39.72,2.92734375,14.68824
2026-01-01 05:55:00,CELL_122,LTE,B2,-104.3,-13.87,3.96,-89.97,32.46,0.664,1,81.29,5,3,0,30.285500000000006,6.544354838709678,21.553440000000002
2026-01-01 06:00:00,CELL_112,5G,n41,-93.65,-13.95,11.15,-85.73,28.46,0.472,0,135.23,6,3,0,37.214999999999996,2.34238683127572,13.433119999999999
2026-01-01 06:05:00,CELL_125,LTE,B12,-86.58,-10.17,22.35,-73.67,50.16,0.856,0,108.01,6,3,0,44.7015,2.1481798715203424,42.93696
2026-01-01 06:10:00,CELL_114,LTE,B66,-85.96,-8.01,14.66,-61.96,29.89,0.562,1,85.22,6,3,0,43.2135,1.908684546615581,16.798180000000002
2026-01-01 06:15:00,CELL_110,LTE,B12,-73.83,-11.39,3.58,-53.81,53.36,2.652,1,88.26,6,3,0,44.503,11.65065502183406,141.51072
2026-01-01 06:20:00,CELL_110,LTE,B4,-77.4,-10.79,2.11,-58.46,74.0,0.882,0,78.27,6,3,0,42.60549999999999,23.79421221864952,65.268
2026-01-01 06:25:00,CELL_124,5G,n41,-107.02,-9.29,24.65,-94.03,32.07,0.735,1,156.37,6,3,0,36.4135,1.250292397660819,23.57145
2026-01-01 06:30:00,CELL_119,LTE,B2,-72.11,-13.91,12.37,-61.79,21.83,0.631,1,134.19,6,3,0,47.284,1.632759910246821,13.77473
2026-01-01 06:35:00,CELL_103,5G,n77,-100.9,-8.78,8.47,-88.6,12.83,0.564,2,123.02,6,3,0,34.440999999999995,1.35480464625132,7.23612
2026-01-01 06:40:00,CELL_122,5G,n41,-80.42,-8.54,11.08,-62.63,44.65,0.192,0,149.83,6,3,0,44.5,3.696192052980132,8.572799999999999
2026-01-01 06:45:00,CELL_112,LTE,B2,-93.12,-3.19,2.66,-70.78,41.1,1.522,0,78.72,6,3,0,37.5965,11.229508196721312,62.5542
2026-01-01 06:50:00,CELL_110,5G,n41,-99.36,-12.13,22.96,-76.85,46.15,2.266,0,149.01,6,3,0,38.643499999999996,1.926126878130217,104.5759
2026-01-01 06:55:00,CELL_102,LTE,B2,-117.5,-12.37,10.25,-96.35,34.0,0.465,2,19.47,6,3,0,26.6075,3.022222222222222,15.81
2026-01-01 07:00:00,CELL_129,LTE,B4,-96.23,-8.69,22.57,-81.92,54.46,1.92,3,88.19,7,3,0,40.795,2.310564276622826,104.5632
2026-01-01 07:05:00,CELL_101,LTE,B4,-114.27,-8.54,13.36,-96.15,39.63,4.391,0,30.84,7,3,0,29.9515,2.75974930362117,174.01533
2026-01-01 07:10:00,CELL_129,LTE,n41,-81.43,-12.61,23.01,-65.03,22.01,3.274,0,181.4,7,3,0,46.607,0.9167013744273219,72.06074000000001
2026-01-01 07:15:00,CELL_101,LTE,B12,-74.28,-12.21,14.8,-57.29,35.99,2.189,0,112.7,7,3,0,47.4615,2.277848101265823,78.78211
2026-01-01 07:20:00,CELL_115,LTE,B4,-104.36,-9.38,18.97,-76.17,24.04,0.224,0,70.3,7,3,0,35.884,1.2038057085628442,5.3849599999999995
2026-01-01 07:25:00,CELL_103,LTE,B12,-90.07,-13.48,18.03,-80.88,71.84,0.221,0,91.67,7,3,0,41.0075,3.775091960063058,15.87664
2026-01-01 07:30:00,CELL_114,LTE,B4,-103.43,-12.23,17.36,-86.6,40.55,1.34,0,78.86,7,3,0,35.107,2.2086056644880174,54.336999999999996
2026-01-01 07:35:00,CELL_125,5G,n77,-102.17,-10.73,15.44,-78.11,42.67,0.785,0,135.34,7,3,0,35.473,2.595498783454988,33.49595
2026-01-01 07:40:00,CELL_117,LTE,B66,-83.93,-8.01,11.37,-73.26,33.95,0.048,0,106.47,7,3,0,43.14,2.7445432497978985,1.6296000000000002
2026-01-01 07:45:00,CELL_116,LTE,B12,-94.5,-12.81,26.41,-79.72,26.22,0.522,0,135.61,7,3,0,41.695499999999996,0.9565851878876322,13.68684
2026-01-01 07:50:00,CELL_103,LTE,B2,-71.38,-16.53,6.65,-56.03,38.49,1.291,0,103.18,7,3,0,45.241499999999995,5.031372549019608,49.69059
2026-01-01 07:55:00,CELL_128,5G,n77,-100.27,-16.75,13.03,-83.39,49.52,0.673,0,126.48,7,3,0,34.1,3.5295794725588028,33.32696000000001
2026-01-01 08:00:00,CELL_111,LTE,B4,-81.01,-14.78,13.1,-70.99,34.19,0.789,2,113.37,8,3,0,43.280499999999996,2.424822695035461,26.97591
2026-01-01 08:05:00,CELL_116,LTE,B2,-92.73,-14.94,15.82,-71.76,28.94,0.221,0,125.13,8,3,0,38.7825,1.7205707491082045,6.39574
2026-01-01 08:10:00,CELL_126,LTE,B2,-83.65,-11.46,9.99,-62.32,44.33,0.515,0,101.24,8,3,0,41.9895,4.033666969972702,22.82995
2026-01-01 08:15:00,CELL_118,5G,n41,-99.81,-14.57,15.2,-79.27,40.49,1.345,0,134.16,8,3,0,35.503,2.499382716049383,54.459050000000005
2026-01-01 08:20:00,CELL_122,5G,n77,-94.64,-13.11,11.82,-81.0,57.64,0.49,0,133.98,8,3,0,37.180499999999995,4.496099843993759,28.2436
2026-01-01 08:25:00,CELL_105,5G,n77,-95.5,-13.32,1.93,-77.07,38.31,2.043,1,108.18,8,3,0,33.774,13.075085324232084,78.26733000000002
2026-01-01 08:30:00,CELL_113,LTE,B66,-104.87,-12.32,13.07,-91.37,51.66,0.805,0,63.7,8,3,0,33.149499999999996,3.6716417910447756,41.5863
2026-01-01 08:35:00,CELL_116,5G,n77,-85.39,-7.03,5.3,-69.06,43.79,1.134,1,154.24,8,3,0,40.907,6.950793650793651,49.65785999999999
2026-01-01 08:40:00,CELL_105,5G,n77,-85.55,-9.01,0.86,-56.78,15.7,1.32,0,122.37,8,3,0,39.007999999999996,8.440860215053764,20.724
2026-01-01 08:45:00,CELL_111,5G,n77,-86.28,-10.95,13.96,-67.81,18.55,1.276,0,170.76,8,3,0,42.1245,1.2399732620320856,23.669800000000002
2026-01-01 08:50:00,CELL_124,LTE,B12,-74.02,-12.38,16.42,-61.96,25.74,0.275,1,122.49,8,3,0,48.022000000000006,1.4776119402985073,7.0785
2026-01-01 08:55:00,CELL_127,LTE,B2,-75.16,-12.3,16.69,-56.26,22.02,0.335,2,104.72,8,3,0,47.61,1.2447710570944035,7.3767000000000005
2026-01-01 09:00:00,CELL_124,LTE,B4,-98.87,-10.02,16.97,-87.63,53.93,0.046,1,78.71,9,3,0,37.5945,3.0011129660545355,2.4807799999999998
2026-01-01 09:05:00,CELL_128,5G,n41,-89.15,-9.25,-0.53,-77.15,37.35,0.576,0,111.79,9,3,0,36.910999999999994,24.411764705882355,21.5136
2026-01-01 09:10:00,CELL_129,LTE,B2,-102.11,-13.72,3.47,-89.31,43.19,0.308,0,60.14,9,3,0,31.161499999999997,9.662192393736015,13.30252
2026-01-01 09:15:00,CELL_105,LTE,B2,-93.7,-10.89,26.81,-77.92,5.0,0.475,1,128.05,9,3,0,42.6555,0.17979144192736426,2.375
2026-01-01 09:20:00,CELL_125,LTE,B2,-101.8,-17.09,5.67,-79.11,72.83,0.636,0,31.82,9,3,0,31.1185,10.91904047976012,46.31988
2026-01-01 09:25:00,CELL_118,LTE,B12,-72.94,-10.36,17.28,-52.05,28.59,0.903,1,140.46,9,3,0,49.271,1.5640043763676148,25.81677
2026-01-01 09:30:00,CELL_125,LTE,B4,-89.27,-8.71,8.19,-68.66,72.78,0.683,2,75.55,9,3,0,39.608000000000004,7.9194776931447235,49.708740000000006
2026-01-01 09:35:00,CELL_119,5G,n77,-96.83,-11.84,13.56,-84.33,11.26,0.671,2,163.46,9,3,0,37.0345,0.7733516483516483,7.55546
2026-01-01 09:40:00,CELL_103,5G,n77,-78.48,-5.55,8.57,-63.19,20.81,1.058,4,151.94,9,3,0,45.36749999999999,2.1745036572622776,22.01698
2026-01-01 09:45:00,CELL_116,5G,n77,-122.22,-13.64,16.93,-102.86,5.0,0.757,1,120.79,9,3,0,26.17,0.2788622420524261,3.785
2026-01-01 09:50:00,CELL_122,LTE,B12,-120.18,,13.96,-105.32,47.43,1.614,1,48.89,9,3,0,,3.1704545454545454,76.55202
2026-01-01 09:55:00,CELL_103,5G,n77,-83.65,-11.11,9.86,-67.05,16.48,0.76,1,146.68,9,3,0,42.038,1.5174953959484347,12.5248
2026-01-01 10:00:00,CELL_115,5G,n41,-93.21,-11.3,5.65,-73.01,16.9,2.517,0,125.9,10,3,0,36.4255,2.541353383458646,42.537299999999995
2026-01-01 10:05:00,CELL_119,5G,n77,-90.74,-11.34,14.87,-74.49,12.41,0.263,1,156.74,10,3,0,40.293,0.7819785759294267,3.26383
2026-01-01 10:10:00,CELL_113,LTE,B12,,-10.68,4.51,-92.11,53.66,0.566,2,16.18,10,3,0,,9.738656987295826,30.371559999999995
2026-01-01 10:15:00,CELL_123,LTE,B12,-94.3,-8.46,15.99,-68.34,52.67,0.4,0,87.1,10,3,0,39.747,3.100058858151854,21.068
2026-01-01 10:20:00,CELL_103,LTE,B2,-67.95,,,-50.81,69.18,0.935,1,136.66,10,3,0,,,64.68330000000002
2026-01-01 10:25:00,CELL_110,LTE,B4,-83.29,-11.01,22.45,-59.39,31.71,0.262,1,118.82,10,3,0,46.001999999999995,1.3522388059701493,8.30802
2026-01-01 10:30:00,CELL_128,LTE,B2,-91.79,-8.55,18.03,-71.0,45.28,0.141,0,102.05,10,3,0,41.465999999999994,2.3794009458749343,6.38448
2026-01-01 10:35:00,CELL_115,LTE,B4,-99.71,-13.11,12.4,-89.04,22.66,0.324,0,99.0,10,3,0,35.07300000000001,1.691044776119403,7.34184
2026-01-01 10:40:00,CELL_105,LTE,B12,-99.13,-8.7,-0.57,-86.64,36.97,0.155,3,36.56,10,3,0,32.545500000000004,23.547770700636946,5.73035
2026-01-01 10:45:00,CELL_103,5G,n77,,-13.29,3.74,-107.85,25.22,0.644,1,82.32,10,3,0,,5.320675105485232,16.24168
2026-01-01 10:50:00,CELL_117,LTE,B12,-90.65,-7.73,21.98,-76.92,48.97,0.901,2,89.25,10,3,0,43.369,2.1309834638816363,44.12197
2026-01-01 10:55:00,CELL_127,5G,n77,-83.01,-4.37,7.47,-65.46,48.26,0.113,1,129.51,10,3,0,43.294,5.69775678866588,5.45338
2026-01-01 11:00:00,CELL_101,5G,n41,-114.48,-11.37,8.11,-93.41,47.87,0.532,0,90.96,11,3,0,27.5745,5.254665203073546,25.46684
2026-01-01 11:05:00,CELL_103,LTE,B4,-102.6,-17.58,11.84,-78.32,29.36,1.79,1,64.06,11,3,0,32.487,2.2866043613707165,52.5544
2026-01-01 11:10:00,CELL_111,5G,n77,-109.05,-12.64,5.57,-89.51,47.98,2.211,0,98.36,11,3,0,28.9385,7.302891933028919,106.08377999999999
2026-01-01 11:20:00,CELL_103,5G,n41,-93.3,-9.34,12.65,-85.72,28.13,0.019,1,132.7,11,3,0,38.975,2.0608058608058606,0.53447
2026-01-01 11:25:00,CELL_108,LTE,B66,-121.1,-10.25,6.76,-102.74,31.37,0.83,0,52.25,11,3,0,24.4705,4.042525773195877,26.0371
2026-01-01 11:30:00,CELL_119,5G,n77,-86.01,-7.97,7.81,-67.89,24.6,1.957,2,146.01,11,3,0,41.146,2.79228149829739,48.1422
2026-01-01 11:35:00,CELL_124,LTE,B12,-84.2,-9.55,7.53,-65.29,68.13,0.48,0,63.72,11,3,0,41.4815,7.9871043376318855,32.7024
2026-01-01 11:40:00,CELL_109,LTE,B2,-97.26,-7.35,16.66,-68.73,46.61,0.196,0,101.26,11,3,0,38.893499999999996,2.6392978482446208,9.13556
2026-01-01 11:45:00,CELL_121,LTE,B4,-126.25,-8.24,11.38,-102.05,44.62,1.843,3,27.15,11,3,0,24.0415,3.6042003231017765,82.23465999999999
2026-01-01 11:50:00,CELL_124,5G,n77,-106.95,-6.43,11.75,-85.03,29.07,2.06,1,112.19,11,3,0,33.29,2.28,59.8842
2026-01-01 11:55:00,CELL_100,LTE,B12,-77.97,-9.92,17.18,-64.78,78.69,0.752,1,99.85,11,3,0,47.087500000000006,4.3283828382838285,59.17488
2026-01-01 12:00:00,CELL_125,LTE,B2,-130.11,-8.28,12.01,-114.68,61.58,0.199,0,25.85,12,3,0,22.483499999999992,4.733282090699462,12.25442
2026-01-01 12:05:00,CELL_105,LTE,B2,-98.52,-11.92,11.05,-80.99,31.18,0.093,0,86.67,12,3,0,35.501000000000005,2.5875518672199167,2.89974
2026-01-01 12:10:00,CELL_120,LTE,B12,-109.34,-12.8,16.29,-95.22,37.9,1.019,2,67.54,12,3,0,31.983999999999995,2.1920185078079815,38.620099999999994
2026-01-01 12:15:00,CELL_122,LTE,B12,-83.54,-5.88,17.68,-63.04,38.79,0.403,0,105.41,12,3,0,45.741,2.0765524625267666,15.63237
2026-01-01 12:20:00,CELL_125,LTE,B4,-102.78,-10.35,11.97,-82.99,44.19,0.709,1,41.53,12,3,0,34.2525,3.4070932922127986,31.330709999999996
2026-01-01 12:25:00,CELL_112,LTE,B4,-88.75,-8.59,13.56,-76.19,31.48,0.641,0,101.95,12,3,0,41.483,2.162087912087912,20.17868
2026-01-01 12:30:00,CELL_119,5G,n41,-86.65,-10.63,7.53,-62.66,39.58,0.305,4,127.44,12,3,0,40.108999999999995,4.640093786635403,12.0719
2026-01-01 12:35:00,CELL_100,5G,n77,-70.13,-12.76,6.98,-51.62,54.78,0.085,0,164.36,12,3,0,46.8455,6.864661654135338,4.656300000000001
2026-01-01 12:40:00,CELL_113,LTE,B4,-96.64,-10.97,18.38,-87.28,22.3,0.493,0,105.5,12,3,0,38.7835,1.150670794633643,10.9939
2026-01-01 12:45:00,CELL_128,LTE,B66,-89.11,-6.69,16.11,-71.37,25.08,0.86,2,94.27,12,3,0,42.561,1.4658094681472822,21.5688
2026-01-01 12:50:00,CELL_104,LTE,B2,-113.31,-9.33,16.19,-93.9,34.75,0.896,0,77.55,12,3,0,31.034999999999997,2.02152414194299,31.136
2026-01-01 12:55:00,CELL_104,5G,n41,-78.52,-16.13,14.97,-55.66,26.45,0.376,0,173.31,12,3,0,44.624500000000005,1.6562304320601127,9.9452
2026-01-01 13:00:00,CELL_121,LTE,B4,-103.89,-11.65,13.32,-87.57,71.98,2.028,0,52.42,13,3,0,33.833000000000006,5.026536312849162,145.97544000000002
2026-01-01 13:05:00,CELL_115,5G,n77,-101.29,-5.65,17.87,-79.15,48.03,0.224,1,134.5,13,3,0,37.867999999999995,2.545310015898251,10.75872
2026-01-01 13:10:00,CELL_113,5G,n77,,-11.64,19.55,-75.35,47.16,1.679,0,163.92,13,3,0,,2.294890510948905,79.18164
2026-01-01 13:15:00,CELL_107,5G,n41,-114.32,-16.4,19.38,-102.89,29.03,0.835,2,116.17,13,3,0,29.770000000000003,1.4244357212953878,24.24005
2026-01-01 13:20:00,CELL_105,LTE,B4,-91.03,-5.32,12.29,-80.1,37.71,0.497,0,84.14,13,3,0,40.893499999999996,2.8374717832957113,18.74187
2026-01-01 13:25:00,CELL_122,5G,n77,-81.42,-8.95,22.71,-57.81,11.22,1.136,0,170.8,13,3,0,47.436499999999995,0.4732180514550823,12.74592
2026-01-01 13:30:00,CELL_110,LTE,B2,-90.19,-11.21,14.6,-66.21,53.73,0.605,0,95.41,13,3,0,40.492000000000004,3.444230769230769,32.50665
2026-01-01 13:35:00,CELL_123,LTE,B4,-114.66,-12.11,17.43,-95.04,49.37,0.138,0,56.87,13,3,0,30.1045,2.678784590341834,6.81306
2026-01-01 13:40:00,CELL_113,LTE,B66,-95.61,-7.75,14.97,-70.13,61.29,0.205,0,73.43,13,3,0,39.028999999999996,3.8378209142141513,12.564449999999999
2026-01-01 13:45:00,CELL_111,LTE,B12,-84.35,-12.63,14.73,-61.07,38.84,0.568,0,95.09,13,3,0,42.804,2.469167196439924,22.06112
2026-01-01 13:50:00,CELL_106,5G,n41,-118.41,-7.56,7.85,-97.0,30.87,0.434,0,100.66,13,3,0,26.680500000000002,3.4881355932203393,13.39758
2026-01-01 13:55:00,CELL_119,5G,n77,-107.97,-9.37,17.91,-94.53,35.55,1.649,0,111.84,13,3,0,33.944,1.879957694341618,58.62195
2026-01-01 14:00:00,CELL_108,LTE,B4,-82.6,-10.27,32.92,-55.95,55.38,0.413,1,106.98,14,3,0,49.63850000000001,1.6326650943396226,22.87194
2026-01-01 14:05:00,CELL_127,5G,n77,-90.49,-10.56,10.38,-69.81,10.95,0.387,0,157.01,14,3,0,39.2535,0.962214411247803,4.2376499999999995
2026-01-01 14:10:00,CELL_112,LTE,B66,-88.64,-11.52,13.5,-72.57,53.04,0.335,1,60.99,14,3,0,40.782000000000004,3.6579310344827585,17.7684
2026-01-01 14:15:00,CELL_124,LTE,B4,-69.83,-7.86,9.88,-55.17,41.69,0.304,0,121.13,14,3,0,49.075500000000005,3.8318014705882346,12.67376
2026-01-01 14:20:00,CELL_114,LTE,B66,-87.91,-13.6,9.58,-68.62,26.12,0.316,1,109.24,14,3,0,39.414500000000004,2.4688090737240076,8.25392
2026-01-01 14:25:00,CELL_112,5G,n77,-85.45,-15.87,23.81,-75.8,5.0,0.168,0,188.2,14,3,0,44.223,0.20153164046755342,0.8400000000000001
2026-01-01 14:30:00,CELL_113,LTE,B4,-58.76,-9.16,8.29,-37.26,39.95,0.867,2,132.29,14,3,0,53.25500000000001,4.300322927879441,34.63665
2026-01-01 14:35:00,CELL_113,LTE,B4,-96.78,-9.11,9.68,-83.55,63.72,0.654,0,62.72,14,3,0,36.575500000000005,5.966292134831461,41.67288
2026-01-01 14:40:00,CELL_114,LTE,B12,-104.37,-9.56,1.89,-84.52,67.12,0.629,0,54.29,14,3,0,30.7105,23.224913494809694,42.21848
2026-01-01 14:45:00,CELL_126,5G,n77,-88.44,-9.78,7.7,-73.05,38.33,0.102,1,131.37,14,3,0,39.567,4.405747126436782,3.9096599999999997
2026-01-01 14:50:00,CELL_121,5G,n41,-88.29,-11.96,1.04,-71.62,62.43,1.054,0,81.41,14,3,0,37.091499999999996,30.602941176470587,65.80122
2026-01-01 14:55:00,CELL_101,5G,n41,-100.85,-8.64,17.42,-86.63,32.36,1.146,1,136.64,14,3,0,37.1835,1.756786102062975,37.084559999999996
2026-01-01 15:00:00,CELL_101,5G,n41,-107.42,,32.6,-90.23,47.3,2.424,0,169.96,15,3,0,,1.4077380952380951,114.6552
2026-01-01 15:05:00,CELL_100,5G,n41,-63.97,-12.46,10.43,-36.53,26.23,1.094,0,183.76,15,3,0,50.7275,2.294838145231846,28.69562
2026-01-01 15:10:00,CELL_120,LTE,B4,-89.75,-11.94,1.33,-64.83,34.28,2.806,0,49.96,15,3,0,36.5265,14.71244635193133,96.18968000000001
2026-01-01 15:15:00,CELL_106,LTE,B4,-103.52,-4.94,19.3,-83.75,31.84,0.367,1,91.15,15,3,0,37.471000000000004,1.5684729064039409,11.68528
2026-01-01 15:25:00,CELL_124,5G,n77,-95.42,-9.5,22.1,-73.2,52.31,1.124,0,147.24,15,3,0,40.816,2.2645021645021646,58.79644000000001
2026-01-01 15:30:00,CELL_103,LTE,B2,-97.29,-16.04,11.03,-73.64,32.38,1.007,0,108.0,15,3,0,35.018499999999996,2.691604322527016,32.60666
2026-01-01 15:35:00,CELL_104,LTE,B66,-86.69,-11.32,8.58,-72.84,29.98,0.614,0,82.49,15,3,0,40.2335,3.1294363256784967,18.40772
2026-01-01 15:40:00,CELL_102,5G,n41,-110.79,-12.3,11.75,-93.18,15.3,0.495,0,136.64,15,3,0,30.094499999999996,1.2,7.5735
2026-01-01 15:45:00,CELL_108,LTE,B4,-89.42,-17.26,18.3,-80.53,38.93,0.398,1,110.15,15,3,0,40.43599999999999,2.0170984455958547,15.49414
2026-01-01 15:50:00,CELL_102,5G,n41,-69.13,-9.83,11.41,-45.52,59.45,2.591,1,140.49,15,3,0,49.357,4.790491539081386,154.03495
2026-01-01 15:55:00,CELL_118,LTE,B2,-87.94,-12.14,9.52,-59.61,73.41,0.595,1,63.96,15,3,0,39.748000000000005,6.978136882129277,43.67894999999999
2026-01-01 16:00:00,CELL_122,LTE,B2,-98.89,-17.3,11.61,-80.49,17.09,1.142,1,91.68,16,3,0,34.1575,1.3552735923869945,19.516779999999997
2026-01-01 16:05:00,CELL_105,5G,n77,-100.59,-8.48,4.1,-93.22,27.68,1.359,4,107.15,16,3,0,33.3445,5.427450980392157,37.61712
2026-01-01 16:10:00,CELL_115,LTE,B66,-99.33,-6.69,15.78,-78.29,26.48,1.344,1,86.68,16,3,0,37.863,1.5780691299165672,35.58912
2026-01-01 16:15:00,CELL_109,LTE,B4,-97.3,-6.53,0.49,-83.82,56.83,0.871,1,23.35,16,3,0,34.2295,38.14093959731544,49.49893
2026-01-01 16:20:00,CELL_102,5G,n77,-98.91,-9.92,9.89,-84.23,37.3,2.49,0,125.0,16,3,0,35.4775,3.42516069788797,92.877
2026-01-01 16:25:00,CELL_114,5G,n77,-82.09,-10.86,18.32,-60.96,23.45,1.067,1,172.39,16,3,0,45.3405,1.2137681159420288,25.02115
2026-01-01 16:30:00,CELL_120,LTE,B66,-116.53,-7.02,15.12,-97.26,43.09,0.387,1,55.26,16,3,0,29.8425,2.673076923076924,16.67583
2026-01-01 16:35:00,CELL_106,LTE,B4,-82.79,-5.95,17.13,-67.23,34.84,0.519,2,111.11,16,3,0,45.895999999999994,1.9216767788196363,18.081960000000002
2026-01-01 16:40:00,CELL_123,5G,n77,-98.94,-7.6,12.54,-84.18,57.21,0.111,0,121.76,16,3,0,36.839,4.225258493353029,6.35031
2026-01-01 16:45:00,CELL_129,5G,n77,-89.1,-13.82,21.19,-70.47,41.2,0.956,0,153.33,16,3,0,42.307,1.8566922036953584,39.3872
2026-01-01 16:50:00,CELL_101,LTE,B12,-108.65,-10.4,19.47,-92.7,52.05,1.223,0,66.59,16,3,0,33.8485,2.542745481191988,63.65715
2026-01-01 16:55:00,CELL_104,LTE,B66,,-9.68,16.12,-64.27,5.0,1.313,0,119.28,16,3,0,,0.29205607476635514,6.5649999999999995
2026-01-01 17:00:00,CELL_108,LTE,B66,-77.81,-16.43,19.49,-61.47,41.0,1.124,1,140.7,17,3,0,46.224999999999994,2.0009760858955588,46.084
2026-01-01 17:05:00,CELL_125,LTE,B12,-81.53,-9.59,18.25,-61.83,73.25,0.616,0,108.75,17,3,0,45.888999999999996,3.8051948051948052,45.122
2026-01-01 17:10:00,CELL_104,LTE,B2,-113.69,-4.18,9.92,-96.58,61.89,0.731,0,29.44,17,3,0,30.2705,5.667582417582418,45.24159
2026-01-01 17:15:00,CELL_114,5G,n41,-83.22,-9.08,3.59,-72.29,5.29,0.733,1,170.3,17,3,0,40.858000000000004,1.1525054466230937,3.87757
2026-01-01 17:20:00,CELL_116,LTE,B12,-88.74,-6.58,15.94,-65.79,37.3,1.653,0,87.73,17,3,0,42.704,2.2018890200708383,61.65689999999999
2026-01-01 17:25:00,CELL_103,LTE,B12,-114.87,-10.45,16.82,-110.56,23.98,0.057,0,73.74,17,3,0,30.241999999999997,1.345679012345679,1.36686
2026-01-01 17:30:00,CELL_101,5G,n77,-94.32,-11.22,20.63,-78.55,58.67,0.462,0,158.23,17,3,0,40.440000000000005,2.712436430883033,27.10554
2026-01-01 17:35:00,CELL_103,5G,n41,-89.26,-9.86,6.45,-74.36,36.66,0.241,1,109.44,17,3,0,38.803,4.920805369127516,8.835059999999999
2026-01-01 17:40:00,CELL_101,LTE,B12,-86.77,-13.45,6.65,-68.03,30.48,3.281,1,65.83,17,3,0,39.086,3.984313725490196,100.00488
2026-01-01 17:45:00,CELL_115,5G,n41,-91.7,-13.89,16.22,-70.89,33.51,1.92,2,134.23,17,3,0,39.6285,1.9459930313588851,64.33919999999999
2026-01-01 17:50:00,CELL_128,5G,n77,-90.21,-7.2,12.5,-66.58,5.0,0.482,0,160.82,17,3,0,40.855500000000006,0.37037037037037035,2.41
2026-01-01 17:55:00,CELL_110,5G,n41,-74.84,-6.88,-0.2,-60.41,16.73,0.146,0,153.7,17,3,0,44.041999999999994,13.941666666666668,2.44258
2026-01-01 18:00:00,CELL_107,LTE,B4,-78.06,-13.97,15.63,-57.13,42.55,0.206,1,109.27,18,3,0,45.569500000000005,2.558628983764281,8.765299999999998
2026-01-01 18:05:00,CELL_107,LTE,B4,-131.27,-8.1,0.03,-112.29,54.69,1.635,1,1.0,18,3,0,18.412499999999994,53.09708737864077,89.41815
2026-01-01 18:10:00,CELL_129,5G,n77,-98.13,-11.26,6.38,-88.68,5.0,0.106,0,149.56,18,3,0,34.44050000000001,0.6775067750677507,0.53
2026-01-01 18:15:00,CELL_128,LTE,B4,-96.14,-9.98,22.46,-68.64,36.28,0.742,0,105.4,18,3,0,40.480000000000004,1.546462063086104,26.91976
2026-01-01 18:20:00,CELL_119,LTE,B66,-116.78,-9.62,25.77,-105.97,57.15,1.427,0,69.05,18,3,0,32.275,2.134852446768771,81.55305
2026-01-01 18:25:00,CELL_113,LTE,B2,-92.78,-8.02,4.49,-72.68,20.23,0.181,0,80.02,18,3,0,37.091,3.68488160291439,3.66163
2026-01-01 18:30:00,CELL_104,5G,n41,-77.77,-10.75,10.69,-57.82,36.44,0.734,0,178.88,18,3,0,45.023,3.1171941830624466,26.746959999999998
2026-01-01 18:35:00,CELL_127,5G,n41,-108.13,-6.77,13.3,-88.75,33.99,0.49,1,123.9,18,3,0,33.138999999999996,2.376923076923077,16.6551
2026-01-01 18:40:00,CELL_100,LTE,B2,-89.63,-10.07,25.47,-74.1,67.72,0.428,1,97.35,18,3,0,44.29,2.5583679637325276,28.98416
2026-01-01 18:45:00,CELL_104,5G,n41,-105.91,-9.13,9.55,-83.77,29.55,0.356,0,98.41,18,3,0,32.423,2.800947867298578,10.5198
2026-01-01 18:50:00,CELL_120,LTE,B4,-102.73,-13.5,9.66,-92.54,39.43,1.524,0,43.41,18,3,0,32.7945,3.698874296435272,60.09132
2026-01-01 18:55:00,,LTE,B66,-74.79,-4.52,23.84,-57.12,54.82,2.245,2,108.69,18,3,0,51.866499999999995,2.206924315619968,123.07090000000001
2026-01-01 19:00:00,CELL_103,5G,n41,-101.05,-9.59,10.38,-85.87,13.1,0.57,1,132.3,19,3,0,34.744,1.1511423550087871,7.466999999999999
2026-01-01 19:05:00,CELL_117,LTE,B12,-87.99,-8.86,18.06,-73.38,38.69,1.011,2,90.86,19,3,0,43.1075,2.0299055613850996,39.11558999999999
2026-01-01 19:10:00,CELL_100,LTE,B2,-118.33,-15.82,2.66,-98.18,35.16,0.75,0,34.89,19,3,0,23.0945,9.60655737704918,26.369999999999997
2026-01-01 19:15:00,CELL_108,LTE,B4,-69.79,-13.47,11.8,-46.4,39.92,0.071,0,110.11,19,3,0,48.266999999999996,3.11875,2.83432
2026-01-01 19:20:00,CELL_119,5G,n41,-86.17,-7.29,1.38,-69.88,45.73,0.548,0,112.05,19,3,0,39.315000000000005,19.214285714285715,25.06004
2026-01-01 19:25:00,CELL_105,5G,n41,-96.37,-10.14,5.61,-74.47,41.31,0.049,1,128.13,19,3,0,35.281499999999994,6.249621785173979,2.0241900000000004
2026-01-01 19:30:00,CELL_122,5G,n77,-86.52,-16.74,18.87,-68.27,21.77,0.45,0,186.29,19,3,0,42.042,1.0956215400100653,9.7965
2026-01-01 19:35:00,CELL_102,5G,n41,-112.33,-7.89,12.65,-98.79,35.05,0.716,0,101.7,19,3,0,30.774,2.5677655677655675,25.095799999999997
2026-01-01 19:40:00,CELL_118,LTE,B4,-78.63,-12.63,10.77,-61.92,64.36,1.335,1,87.12,19,3,0,44.19,5.468139337298216,85.9206
2026-01-01 19:45:00,CELL_102,5G,n77,-98.21,-6.77,7.76,-81.71,20.53,0.934,1,104.07,19,3,0,35.941,2.3436073059360734,19.175020000000004
2026-01-01 19:50:00,CELL_121,LTE,B66,-96.65,-11.26,11.46,-82.14,44.18,1.556,0,52.73,19,3,0,36.6305,3.5457463884430176,68.74408
2026-01-01 19:55:00,CELL_122,LTE,B66,-100.39,,15.11,-80.25,39.1,0.295,0,74.67,19,3,0,,2.4270639354438237,11.5345
2026-01-01 20:00:00,CELL_123,5G,n77,-101.55,-7.46,19.88,-82.38,32.05,2.03,0,152.76,20,3,0,37.9015,1.5349616858237547,65.06149999999998
2026-01-01 20:05:00,CELL_108,LTE,n77,-84.97,-13.69,-5.38,-74.92,8.54,2.246,0,107.89,20,3,0,36.227000000000004,1.3385579937304075,19.180839999999996
2026-01-01 20:10:00,CELL_107,LTE,B66,-90.67,-13.98,7.18,-80.93,63.16,0.045,0,59.61,20,3,0,37.3575,7.721271393643032,2.8421999999999996
2026-01-01 20:15:00,CELL_129,LTE,B66,-85.53,-11.59,14.11,-65.4,30.38,0.097,0,104.84,20,3,0,42.347,2.010589013898081,2.94686
2026-01-01 20:20:00,CELL_121,5G,n77,-94.11,-8.52,12.31,-80.19,48.39,0.7,0,133.77,20,3,0,38.7135,3.6356123215627347,33.873
2026-01-01 20:25:00,CELL_105,5G,n77,-87.33,-14.99,15.82,-67.82,23.68,0.416,1,150.51,20,3,0,41.2,1.407847800237812,9.85088
2026-01-01 20:30:00,CELL_100,5G,n77,-99.45,-16.0,14.87,-77.54,23.62,0.486,0,166.87,20,3,0,35.2085,1.4883427851291746,11.47932
2026-01-01 20:35:00,CELL_110,LTE,B4,-65.01,-8.53,10.87,-53.37,60.2,0.926,0,105.27,20,3,0,51.373999999999995,5.071609098567818,55.745200000000004
2026-01-01 20:40:00,CELL_119,LTE,B66,-114.38,-12.81,9.31,-103.44,56.91,1.606,4,30.55,20,3,0,27.619500000000002,5.519883608147429,91.39746
2026-01-01 20:45:00,CELL_111,LTE,B12,-77.61,-12.18,11.28,-51.24,45.13,0.278,1,95.4,20,3,0,44.914500000000004,3.675081433224756,12.546140000000001
2026-01-01 20:55:00,CELL_115,5G,n77,-105.08,-13.04,7.88,-89.17,28.67,0.349,0,134.15,20,3,0,31.318,3.228603603603604,10.00583
2026-01-01 21:00:00,CELL_129,LTE,B66,-65.02,-11.02,12.56,-51.69,41.87,,3,120.28,21,3,0,51.254,3.087758112094395,
2026-01-01 21:05:00,CELL_126,LTE,B66,-81.06,-8.21,14.28,-65.61,32.08,2.041,0,90.83,21,3,0,45.2545,2.099476439790576,65.47528
2026-01-01 21:10:00,CELL_114,LTE,B66,-81.38,-13.31,23.92,-69.33,55.56,0.389,0,131.73,21,3,0,46.7275,2.229534510433387,21.612840000000002
2026-01-01 21:15:00,CELL_125,5G,n41,-93.64,-6.03,10.9,-71.22,22.6,0.15,0,151.3,21,3,0,39.1245,1.8991596638655464,3.39
2026-01-01 21:20:00,CELL_113,5G,n41,-96.82,-13.05,19.71,-82.71,55.28,0.379,0,155.69,21,3,0,38.581500000000005,2.669241912119749,20.95112
2026-01-01 21:25:00,CELL_100,LTE,B12,-96.72,-13.05,21.62,-73.25,37.26,0.325,0,99.89,21,3,0,39.1995,1.6472148541114058,12.1095
2026-01-01 21:30:00,CELL_109,LTE,B66,-88.92,-6.39,12.55,-72.93,42.31,1.201,1,81.76,21,3,0,41.6535,3.122509225092251,50.814310000000006
2026-01-01 21:35:00,CELL_112,5G,n77,,-10.37,11.52,-63.0,44.38,0.047,2,169.14,21,3,0,,3.5447284345047927,2.0858600000000003
2026-01-01 21:40:00,CELL_129,LTE,B4,-91.64,-12.66,10.7,-75.77,42.36,0.099,0,95.4,21,3,0,38.307,3.6205128205128205,4.19364
2026-01-01 21:45:00,CELL_124,5G,n77,-105.85,-11.47,11.21,-100.97,28.53,1.173,0,139.85,21,3,0,32.363,2.3366093366093366,33.46569
2026-01-01 21:50:00,CELL_104,LTE,B66,-83.28,-6.94,18.98,-65.89,41.55,0.31,0,114.25,21,3,0,45.983000000000004,2.0795795795795793,12.8805
2026-01-01 21:55:00,CELL_100,LTE,B66,-82.03,-6.6,14.62,-64.88,55.41,0.456,1,94.74,21,3,0,45.322500000000005,3.5473751600512164,25.26696
2026-01-01 22:00:00,CELL_115,5G,n77,-85.49,-13.45,14.65,-63.37,23.06,1.422,0,127.25,22,3,0,42.062,1.4734824281150158,32.79132
2026-01-01 22:05:00,CELL_116,LTE,B66,-84.31,-11.13,5.12,-75.74,40.11,1.664,3,50.21,22,3,0,40.314,6.553921568627451,66.74304
2026-01-01 22:10:00,CELL_122,LTE,B66,-97.52,-10.73,6.23,-73.71,42.15,1.965,1,50.47,22,3,0,34.8025,5.829875518672199,82.82475
2026-01-01 22:15:00,CELL_107,LTE,B2,-106.08,-13.96,28.0,-83.97,54.97,1.326,0,75.91,22,3,0,36.674,1.8955172413793102,72.89022
2026-01-01 22:20:00,CELL_124,LTE,B2,-105.29,-11.17,11.76,-81.03,40.5,0.596,2,72.11,22,3,0,32.855,3.1739811912225706,24.137999999999998
2026-01-01 22:25:00,CELL_112,LTE,B2,-115.26,-10.98,7.58,-97.52,69.12,0.549,0,16.2,22,3,0,27.162,8.055944055944057,37.94688000000001
2026-01-01 22:30:00,CELL_110,LTE,B66,-90.92,-7.58,23.02,-67.85,39.65,0.488,0,103.89,22,3,0,43.596999999999994,1.650707743547044,19.3492
2026-01-01 22:35:00,CELL_112,LTE,B66,-95.08,-7.38,14.97,-84.44,38.43,0.182,2,80.34,22,3,0,39.36,2.406386975579211,6.99426
2026-01-01 22:40:00,CELL_128,LTE,B12,-99.72,-11.99,17.05,-78.15,39.43,0.265,0,101.19,22,3,0,36.7435,2.184487534626039,10.44895
2026-01-01 22:45:00,CELL_111,5G,n41,-132.42,-11.64,12.03,-118.28,13.25,1.768,1,81.14,22,3,0,20.610000000000007,1.016884113584037,23.426000000000002
2026-01-01 22:50:00,CELL_116,LTE,n41,-110.22,-9.01,10.77,-100.47,17.45,0.346,0,128.63,22,3,0,30.8795,1.4825828377230246,6.037699999999999
2026-01-01 22:55:00,CELL_126,LTE,B66,-79.43,-12.76,11.81,-67.05,34.04,0.184,2,104.57,22,3,0,44.1095,2.6572989851678375,6.26336
2026-01-01 23:00:00,CELL_100,LTE,B2,-102.64,-9.23,3.32,-84.61,59.04,1.886,1,46.35,23,3,0,32.0005,13.666666666666666,111.34943999999999
2026-01-01 23:05:00,CELL_116,LTE,B4,-89.31,-11.26,12.38,-75.43,41.5,0.877,1,95.35,23,3,0,40.2095,3.101644245142003,36.3955
2026-01-01 23:10:00,CELL_121,5G,n41,-112.08,-13.91,15.07,-92.2,25.73,2.634,1,112.14,23,3,0,30.1075,1.6011200995644057,67.77282
2026-01-01 23:15:00,CELL_127,5G,n41,-75.3,-13.87,25.95,-66.34,51.4,2.424,0,156.8,23,3,0,49.932500000000005,1.9072356215213357,124.5936
2026-01-01 23:20:00,CELL_101,LTE,B12,-95.87,-6.66,13.6,-88.51,65.27,0.205,1,69.58,23,3,0,38.7735,4.470547945205479,13.380349999999998
2026-01-01 23:25:00,CELL_121,LTE,B12,-90.23,-11.47,-3.34,-65.37,60.83,0.657,0,45.47,23,3,0,35.027,14.016129032258064,39.96531
2026-01-01 23:30:00,CELL_124,LTE,B66,,-6.08,12.34,-41.25,29.2,0.242,0,133.24,23,3,0,,2.188905547226387,7.0664
2026-01-01 23:35:00,CELL_110,LTE,B2,-74.29,-12.54,32.18,-61.53,34.57,0.24,2,142.57,23,3,0,52.588499999999996,1.0418927064496686,8.2968
2026-01-01 23:40:00,CELL_122,LTE,B66,-97.99,-10.13,19.06,-80.0,69.21,0.473,1,91.62,23,3,0,38.59,3.450149551345962,32.736329999999995
2026-01-01 23:45:00,CELL_114,LTE,B2,-101.71,-3.82,7.32,-78.61,45.62,1.231,1,54.37,23,3,0,34.9715,5.483173076923077,56.15822
2026-01-01 23:50:00,CELL_119,LTE,B66,-98.23,-14.17,17.14,-78.14,37.99,1.237,0,73.44,23,3,0,36.896,2.094266813671444,46.99363
2026-01-01 23:55:00,CELL_111,LTE,B12,-87.37,-16.69,7.81,-68.63,52.78,1.112,1,66.7,23,3,0,38.354,5.990919409761635,58.69136
2026-01-02 00:00:00,CELL_105,LTE,B66,-95.37,-7.14,3.52,-71.89,57.11,0.594,0,78.22,0,4,0,35.8545,12.63495575221239,33.923339999999996
2026-01-02 00:05:00,CELL_124,LTE,B2,-99.14,-13.48,10.56,-84.79,33.43,1.293,1,77.25,0,4,0,34.685,2.8918685121107264,43.22499
2026-01-02 00:10:00,CELL_106,5G,n41,,-11.06,13.64,-56.77,36.29,0.18,0,182.4,0,4,0,,2.4788251366120218,6.5322
2026-01-02 00:15:00,CELL_105,LTE,B66,-95.48,-12.76,-0.11,-77.57,55.9,0.89,0,33.77,0,4,0,33.311,50.36036036036035,49.751
2026-01-02 00:20:00,CELL_126,5G,n41,-64.11,-10.2,4.96,-47.47,15.6,0.737,0,163.72,0,4,0,49.5885,2.61744966442953,11.4972
2026-01-02 00:25:00,CELL_128,LTE,B12,-92.82,-13.85,13.07,-76.77,42.19,0.56,0,76.84,0,4,0,38.1895,2.9985785358919683,23.6264
2026-01-02 00:30:00,CELL_118,5G,n41,-70.79,-11.54,10.14,-52.43,16.28,0.92,1,173.02,0,4,0,47.8015,1.4614003590664273,14.977600000000002
2026-01-02 00:35:00,CELL_117,5G,n77,-89.35,-9.65,15.76,-71.18,18.25,0.248,1,158.13,0,4,0,41.608000000000004,1.0889021479713605,4.526
2026-01-02 00:40:00,CELL_110,5G,n77,-81.48,-14.02,4.5,-68.72,24.55,1.149,0,135.78,0,4,0,40.679,4.463636363636364,28.20795
2026-01-02 00:45:00,CELL_118,5G,n77,-103.42,-13.1,18.0,-81.41,40.16,0.719,0,131.7,0,4,0,35.086,2.1136842105263156,28.875039999999995
2026-01-02 00:50:00,CELL_118,5G,n77,-105.1,-12.04,4.71,-91.98,28.17,0.114,3,99.17,0,4,0,30.608000000000004,4.933450087565674,3.21138
2026-01-02 00:55:00,,5G,n41,-88.02,-15.29,24.5,-71.11,23.27,0.704,3,170.12,0,4,0,43.418499999999995,0.9125490196078431,16.38208
2026-01-02 01:00:00,CELL_119,5G,n77,-81.15,-12.27,0.99,-64.63,33.77,0.42,1,146.22,1,4,0,40.211999999999996,16.969849246231156,14.1834
2026-01-02 01:05:00,CELL_116,LTE,B12,-93.48,-10.64,5.35,-73.69,24.8,1.804,1,48.8,1,4,0,36.379,3.905511811023622,44.739200000000004
2026-01-02 01:10:00,CELL_126,LTE,B66,-110.72,-12.2,15.92,-103.32,48.43,0.198,1,68.45,1,4,0,31.402,2.8622931442080377,9.58914
2026-01-02 01:15:00,CELL_120,LTE,B66,-111.68,-11.81,24.65,-89.23,58.97,0.207,1,93.41,1,4,0,33.686499999999995,2.2990253411306045,12.20679
2026-01-02 01:20:00,CELL_111,5G,n77,-112.55,-11.06,15.21,-97.94,31.81,1.026,0,117.59,1,4,0,30.6505,1.962368908081431,32.63706
2026-01-02 01:25:00,CELL_119,LTE,B66,-116.98,-12.97,16.94,-92.88,38.96,0.618,1,53.43,1,4,0,28.698499999999996,2.171683389074693,24.077280000000002
2026-01-02 01:30:00,CELL_106,LTE,B4,-92.58,-8.93,13.12,-76.97,47.6,0.589,0,94.11,1,4,0,39.542500000000004,3.371104815864023,28.0364
2026-01-02 01:35:00,CELL_106,5G,n41,-79.37,-6.69,5.82,-61.62,5.0,1.267,1,141.26,1,4,0,43.857,0.7331378299120235,6.334999999999999
2026-01-02 01:40:00,CELL_124,LTE,B4,-94.17,-12.39,9.57,-66.61,50.05,0.518,1,70.67,1,4,0,36.897,4.735099337748344,25.9259
2026-01-02 01:45:00,CELL_117,LTE,B66,-123.39,-9.54,4.52,-106.77,88.53,0.093,2,1.0,1,4,0,22.9455,16.03804347826087,8.23329
2026-01-02 01:50:00,CELL_101,LTE,B12,-96.48,-11.72,4.05,-72.29,40.16,0.489,0,39.9,1,4,0,34.369,7.952475247524752,19.63824
2026-01-02 01:55:00,CELL_110,LTE,B12,-96.12,-9.9,15.81,-77.92,40.21,0.173,1,85.54,1,4,0,38.514,2.3920285544318856,6.9563299999999995
2026-01-02 02:00:00,CELL_129,LTE,B4,-66.75,-6.3,5.14,-46.67,53.15,0.267,0,85.3,2,4,0,49.4295,8.656351791530945,14.19105
2026-01-02 02:05:00,CELL_119,LTE,B12,-112.94,-9.47,15.24,-94.59,66.68,0.278,1,51.63,2,4,0,30.881500000000003,4.105911330049261,18.537040000000005
2026-01-02 02:10:00,CELL_126,LTE,B66,-99.08,-16.32,3.89,-76.84,56.62,1.691,1,56.91,2,4,0,32.001000000000005,11.578732106339466,95.74442
2026-01-02 02:15:00,CELL_116,LTE,B4,-71.82,-9.64,15.07,-57.25,9.67,0.128,0,155.72,2,4,0,49.292,0.6017423771001866,1.23776
2026-01-02 02:20:00,CELL_101,LTE,B66,-88.15,-7.3,9.58,-75.07,50.45,1.557,0,76.45,2,4,0,40.8815,4.7684310018903595,78.55065
2026-01-02 02:25:00,CELL_105,5G,n41,-86.68,-11.66,22.85,-71.87,71.58,1.067,0,166.08,2,4,0,44.434,3.00125786163522,76.37585999999999
2026-01-02 02:30:00,CELL_102,LTE,B2,-92.51,-8.01,15.27,-74.01,51.34,1.054,0,88.42,2,4,0,40.449,3.155500921942225,54.11236000000001
2026-01-02 02:35:00,CELL_122,5G,n77,-89.71,-13.07,21.65,-72.81,15.68,0.255,2,166.75,2,4,0,42.358000000000004,0.6922737306843267,3.9984
2026-01-02 02:40:00,CELL_122,5G,n77,-83.89,-15.46,7.71,-62.34,37.23,1.392,0,115.47,2,4,0,40.197500000000005,4.274397244546497,51.82415999999999
2026-01-02 02:45:00,CELL_113,LTE,B4,-104.52,-10.58,13.39,-80.0,22.79,0.22,1,97.52,2,4,0,33.83800000000001,1.5837387074357192,5.0138
2026-01-02 02:50:00,CELL_121,LTE,B12,-82.59,-16.27,6.13,-69.46,60.49,2.274,1,53.27,2,4,0,40.106,8.483870967741936,137.55426
2026-01-02 02:55:00,CELL_116,LTE,B12,-111.85,-11.72,10.1,-97.52,27.66,1.723,0,69.74,2,4,0,29.267500000000005,2.491891891891892,47.65818
2026-01-02 03:00:00,CELL_122,5G,n41,-89.73,-7.14,11.17,-78.91,34.11,2.583,2,135.89,3,4,0,40.6875,2.8027937551355793,88.10613000000001
2026-01-02 03:05:00,CELL_120,5G,n77,-91.68,-16.73,7.92,-63.52,20.13,0.741,1,125.55,3,4,0,36.43749999999999,2.256726457399103,14.916329999999999
2026-01-02 03:10:00,CELL_113,5G,n41,-102.01,-14.84,4.49,-82.49,24.8,0.617,0,120.33,3,4,0,31.232499999999995,4.517304189435337,15.3016
2026-01-02 03:15:00,CELL_119,LTE,B4,-94.29,-14.1,3.11,-73.9,64.29,0.476,0,78.84,3,4,0,34.4775,15.642335766423361,30.602040000000002
2026-01-02 03:20:00,CELL_109,5G,n41,-102.09,-11.19,-3.38,-90.79,34.55,3.572,2,95.32,3,4,0,29.748,7.8881278538812785,123.4126
2026-01-02 03:25:00,CELL_122,LTE,B2,-107.93,-12.1,5.61,-89.94,33.61,1.222,1,41.14,3,4,0,29.589499999999997,5.084720121028744,41.071419999999996
2026-01-02 03:30:00,CELL_127,5G,n77,-98.6,-6.8,,-78.05,15.82,0.175,0,145.82,3,4,0,,,2.7685
2026-01-02 03:35:00,CELL_106,LTE,B12,-108.35,-8.14,1.81,-91.62,13.92,2.073,0,45.6,3,4,0,29.250500000000002,4.9537366548042705,28.85616
2026-01-02 03:40:00,CELL_120,5G,n41,-89.8,-9.51,3.42,-66.43,14.23,0.595,0,133.4,3,4,0,37.7385,3.2194570135746607,8.466849999999999
2026-01-02 03:45:00,CELL_103,5G,n77,-108.95,-10.56,25.54,-79.39,34.68,0.009,3,159.43,3,4,0,35.494499999999995,1.306706857573474,0.31211999999999995
2026-01-02 03:50:00,CELL_111,LTE,B12,-84.74,-9.82,8.54,-71.48,56.7,0.324,1,88.61,3,4,0,41.474000000000004,5.9433962264150955,18.370800000000003
2026-01-02 03:55:00,CELL_120,5G,n77,-109.36,-13.59,15.25,-96.47,24.59,1.722,0,103.29,3,4,0,31.4655,1.5132307692307692,42.34398
2026-01-02 04:00:00,CELL_108,LTE,B12,-101.36,-8.43,17.5,-87.75,65.56,1.071,0,75.81,4,4,0,37.0305,3.543783783783784,70.21476
2026-01-02 04:05:00,CELL_107,5G,n77,-102.12,-14.34,17.64,-76.09,22.24,1.26,2,136.04,4,4,0,35.253,1.1931330472103003,28.022399999999998
2026-01-02 04:10:00,CELL_111,LTE,B2,-76.77,-8.49,2.34,-53.56,38.43,2.057,0,78.39,4,4,0,43.533,11.505988023952096,79.05051
2026-01-02 04:15:00,CELL_103,5G,n77,-89.71,-7.44,11.38,-72.38,16.81,0.07,1,155.07,4,4,0,40.68450000000001,1.3578352180936992,1.1767
2026-01-02 04:20:00,CELL_118,LTE,B12,-96.75,-10.37,1.67,-78.57,56.86,0.328,0,65.19,4,4,0,33.871,21.295880149812735,18.65008
2026-01-02 04:25:00,CELL_103,5G,n41,-87.52,-11.53,30.12,-73.6,64.46,0.756,1,182.54,4,4,0,46.26950000000001,2.0713367609254494,48.731759999999994
2026-01-02 04:30:00,CELL_109,5G,n77,-121.39,-9.8,1.84,-98.94,6.57,1.763,1,75.75,4,4,0,22.976499999999998,2.313380281690141,11.58291
2026-01-02 04:35:00,CELL_109,5G,n77,-94.56,-19.58,5.67,-78.46,27.81,0.219,0,129.22,4,4,0,33.754000000000005,4.169415292353823,6.090389999999999
2026-01-02 04:40:00,CELL_129,5G,n77,-68.03,-10.09,5.72,-51.33,51.97,0.515,0,148.77,4,4,0,48.08,7.7336309523809526,26.76455
2026-01-02 04:45:00,CELL_129,5G,n77,-92.28,-11.34,2.52,-71.24,11.3,0.712,1,108.79,4,4,0,35.894999999999996,3.210227272727273,8.0456
2026-01-02 04:50:00,CELL_102,5G,n41,-93.12,-11.15,22.47,-76.06,41.5,0.31,0,159.62,4,4,0,41.5495,1.768214742224116,12.865
2026-01-02 04:55:00,CELL_104,LTE,B4,-86.87,-8.88,29.96,-70.05,60.32,0.704,0,142.27,4,4,0,47.1765,1.9483204134366925,42.46528
2026-01-02 05:00:00,CELL_121,5G,n77,-82.36,-11.22,9.67,-64.3,34.17,0.614,0,129.53,5,4,0,42.534000000000006,3.202436738519213,20.98038
2026-01-02 05:05:00,CELL_108,LTE,B4,-119.97,-14.42,3.76,-97.99,50.25,0.409,1,24.11,5,4,0,23.036499999999997,10.556722689075631,20.552249999999997
2026-01-02 05:10:00,CELL_119,5G,n41,-115.87,-11.42,-2.66,-89.64,59.41,1.389,0,63.64,5,4,0,23.705499999999997,16.232240437158467,82.52049
2026-01-02 05:15:00,CELL_127,LTE,B66,-91.27,-10.8,11.29,-70.34,71.23,1.188,1,69.56,5,4,0,39.115500000000004,5.795768917819366,84.62124
2026-01-02 05:20:00,CELL_104,LTE,B12,,-10.66,10.79,-81.28,41.07,1.441,1,48.61,5,4,0,,3.483460559796438,59.18187
2026-01-02 05:25:00,CELL_128,LTE,B2,-76.94,-10.51,8.44,-59.94,34.01,1.547,1,76.12,5,4,0,44.7815,3.6027542372881354,52.61346999999999
2026-01-02 05:30:00,CELL_101,LTE,B12,-98.1,-7.88,14.55,-83.64,28.2,0.107,0,72.68,5,4,0,37.75,1.8135048231511253,3.0174
2026-01-02 05:35:00,CELL_106,LTE,B4,-119.15,-14.26,15.77,-97.88,56.65,0.126,0,67.28,5,4,0,27.048499999999997,3.378056052474657,7.1379
2026-01-02 05:40:00,CELL_115,5G,n77,-110.48,-10.47,15.26,-91.63,12.42,1.292,1,115.87,5,4,0,31.7445,0.7638376383763839,16.04664
2026-01-02 05:45:00,,5G,n77,-129.75,-7.13,10.79,-118.86,29.21,0.451,2,81.79,5,4,0,22.567,2.4775233248515693,13.173710000000002
2026-01-02 05:50:00,CELL_116,LTE,B66,-97.04,-16.2,5.29,-80.68,43.54,0.393,0,88.52,5,4,0,33.369,6.922098569157392,17.11122
2026-01-02 05:55:00,CELL_104,5G,n77,-96.45,-10.46,17.66,-78.86,25.45,0.331,0,144.16,5,4,0,38.7805,1.3638799571275455,8.42395
2026-01-02 06:00:00,CELL_107,5G,n41,,-12.76,13.09,-84.07,37.2,1.483,2,128.81,6,4,0,,2.640170333569908,55.16760000000001
2026-01-02 06:05:00,CELL_122,LTE,B2,-79.97,-12.11,19.22,-54.57,80.47,3.403,0,97.17,6,4,0,46.251999999999995,3.9797230464886253,273.83941
2026-01-02 06:10:00,CELL_116,LTE,B12,-78.42,-13.71,18.53,-58.02,40.18,1.54,1,122.05,6,4,0,46.342499999999994,2.0573476702508957,61.8772
2026-01-02 06:15:00,CELL_100,LTE,B66,-96.22,-11.51,3.05,-71.35,35.47,0.43,0,46.9,6,4,0,34.2385,8.758024691358024,15.252099999999999
2026-01-02 06:20:00,CELL_115,5G,n41,-121.75,-5.48,2.96,-102.43,48.23,1.421,0,64.15,6,4,0,24.2305,12.179292929292929,68.53483
2026-01-02 06:25:00,CELL_112,LTE,B2,-85.98,-14.79,7.71,-67.57,45.59,0.121,0,87.48,6,4,0,39.4245,5.234213547646383,5.51639
2026-01-02 06:30:00,CELL_100,5G,n41,-86.78,-14.51,5.61,-73.46,54.59,0.573,2,146.76,6,4,0,38.5045,8.258698940998487,31.28007
2026-01-02 06:35:00,CELL_107,5G,n41,-89.98,-14.91,18.29,-71.92,35.47,0.07,0,151.03,6,4,0,40.7685,1.8387765681700363,2.4829000000000003
2026-01-02 06:40:00,CELL_128,LTE,B2,-81.24,-5.82,15.46,-63.18,38.27,0.452,1,100.14,6,4,0,46.125,2.3250303766707168,17.29804
2026-01-02 06:45:00,CELL_121,5G,n77,-109.14,-12.39,20.69,-97.98,6.24,0.835,0,152.68,6,4,0,33.4965,0.28769017980636236,5.2104
2026-01-02 06:50:00,CELL_102,5G,n77,-67.89,-11.08,15.78,-52.58,8.7,3.883,0,183.57,6,4,0,50.913500000000006,0.5184743742550655,33.7821
2026-01-02 06:55:00,CELL_100,LTE,B4,-106.47,-12.21,14.46,-90.09,14.46,1.878,2,78.85,6,4,0,32.874,0.9353169469598965,27.15588
2026-01-02 07:00:00,CELL_110,LTE,B2,-84.26,-13.83,21.4,-64.19,47.69,0.072,0,104.12,7,4,0,44.5455,2.1290178571428573,3.4336799999999994
2026-01-02 07:05:00,CELL_113,LTE,B2,-115.94,-11.71,16.29,-95.63,21.57,0.085,1,63.51,7,4,0,29.2865,1.247541931752458,1.8334500000000002
2026-01-02 07:10:00,CELL_113,LTE,B2,-106.09,-3.63,13.48,-91.0,60.83,0.313,1,62.19,7,4,0,34.896,4.2009668508287294,19.03979
2026-01-02 07:15:00,CELL_120,LTE,B12,-74.29,-6.82,23.36,-53.94,42.45,2.836,0,134.84,7,4,0,51.3725,1.7426108374384237,120.3882
2026-01-02 07:20:00,CELL_105,5G,n77,-97.39,-13.56,13.81,-80.3,29.34,0.078,0,140.42,7,4,0,36.4275,1.9810938555030384,2.28852
2026-01-02 07:25:00,CELL_101,LTE,B66,-83.08,-9.06,10.87,-79.43,29.34,0.334,0,99.84,7,4,0,43.11,2.4717775905644483,9.799560000000001
2026-01-02 07:30:00,CELL_120,LTE,B4,-90.92,-13.49,7.14,-75.34,51.33,0.332,0,60.14,7,4,0,37.35549999999999,6.305896805896805,17.04156
2026-01-02 07:35:00,CELL_126,5G,n77,-95.36,-16.33,17.92,-71.97,20.93,1.025,1,173.83,7,4,0,37.8815,1.1062367864693445,21.453249999999997
2026-01-02 07:40:00,CELL_105,LTE,B2,-76.27,-7.94,21.66,-66.68,27.22,1.451,1,127.09,7,4,0,49.6915,1.2012356575463372,39.49622
2026-01-02 07:45:00,CELL_110,5G,n41,-97.08,-7.52,12.65,-78.51,50.83,1.198,0,139.36,7,4,0,37.729,3.7238095238095235,60.89433999999999
2026-01-02 07:50:00,CELL_118,5G,n41,-117.15,-7.86,22.16,-91.22,38.32,0.901,0,126.45,7,4,0,31.465499999999995,1.6545768566493955,34.52632
2026-01-02 07:55:00,CELL_104,LTE,B4,-104.44,-12.41,-0.79,-90.25,38.48,0.113,0,45.12,7,4,0,29.1625,21.497206703910614,4.34824
2026-01-02 08:00:00,CELL_125,LTE,B12,-86.83,-11.5,12.61,-68.82,51.62,0.778,0,69.03,8,4,0,41.3345,3.792799412196914,40.16036
2026-01-02 08:05:00,CELL_106,5G,n77,-88.86,-8.75,12.72,-77.38,33.13,2.104,2,110.99,8,4,0,41.1415,2.414723032069971,69.70552
2026-01-02 08:10:00,CELL_115,5G,n41,-114.37,-9.83,7.91,-88.24,38.75,2.677,2,101.94,8,4,0,27.948999999999998,4.349046015712682,103.73375
2026-01-02 08:15:00,CELL_110,5G,n77,-103.42,-12.18,29.69,-85.83,20.75,1.001,1,166.45,8,4,0,38.82299999999999,0.6761159986966438,20.770749999999996
2026-01-02 08:20:00,CELL_120,LTE,B2,-101.56,-15.86,12.54,-83.33,73.06,0.074,0,64.13,8,4,0,33.595,5.395864106351551,5.40644
2026-01-02 08:25:00,CELL_105,5G,n41,-98.75,-10.66,10.15,-73.98,24.31,1.016,2,112.41,8,4,0,35.4425,2.180269058295964,24.69896
2026-01-02 08:30:00,CELL_102,5G,n41,-111.89,-7.76,13.18,-90.58,56.34,0.612,0,97.45,8,4,0,31.1635,3.973201692524683,34.48008
2026-01-02 08:35:00,CELL_115,LTE,B4,-102.17,-14.59,-1.02,-88.55,39.17,0.095,1,57.44,8,4,0,29.569999999999997,19.39108910891089,3.72115
2026-01-02 08:40:00,CELL_125,5G,n77,-103.47,-9.08,7.68,-88.71,45.11,0.203,2,132.23,8,4,0,32.972500000000004,5.197004608294931,9.15733
2026-01-02 08:45:00,CELL_118,LTE,n41,-83.97,-10.01,19.88,-63.5,44.01,0.254,1,157.83,8,4,0,45.175,2.1077586206896552,11.17854
2026-01-02 08:50:00,CELL_122,LTE,B12,-83.48,-8.75,8.6,-68.6,59.2,1.296,1,83.51,8,4,0,42.326499999999996,6.166666666666667,76.7232
2026-01-02 08:55:00,CELL_113,LTE,B12,-95.9,-8.38,7.2,-88.48,29.39,2.591,0,65.62,8,4,0,36.41,3.584146341463415,76.14949
2026-01-02 09:00:00,CELL_104,5G,n41,-99.1,-13.08,22.17,-81.36,49.13,1.132,0,143.3,9,4,0,38.286,2.1204143288735433,55.615159999999996
2026-01-02 09:05:00,CELL_112,LTE,B4,-92.18,-15.85,22.38,-81.58,69.7,1.331,1,110.29,9,4,0,40.7705,2.9811804961505564,92.7707
2026-01-02 09:10:00,CELL_129,LTE,B4,-104.62,-12.6,16.62,-78.53,38.12,0.656,1,70.51,9,4,0,34.257,2.1634506242905784,25.006719999999998
2026-01-02 09:15:00,CELL_123,LTE,B66,-108.91,-8.33,9.81,-90.02,42.52,0.386,0,72.11,9,4,0,31.351,3.933395004625347,16.41272
2026-01-02 09:20:00,CELL_121,LTE,B66,-106.22,-12.63,11.32,-92.75,34.15,1.159,0,68.09,9,4,0,31.939500000000002,2.7719155844155843,39.57985
2026-01-02 09:25:00,CELL_109,5G,n77,-102.25,-13.08,7.37,-87.75,27.8,0.912,1,117.51,9,4,0,32.4285,3.321385902031063,25.3536
2026-01-02 09:30:00,CELL_117,5G,n77,-109.13,-16.46,6.04,-100.57,58.67,0.284,1,112.4,9,4,0,28.088500000000003,8.333806818181818,16.66228
2026-01-02 09:35:00,CELL_118,LTE,B66,-91.89,-5.74,5.69,-79.39,26.94,0.857,0,79.1,9,4,0,38.4215,4.026905829596412,23.08758
2026-01-02 09:40:00,CELL_119,5G,n77,-84.51,-8.52,8.67,-61.43,18.87,0.698,1,148.11,9,4,0,41.9415,1.9513960703205793,13.17126
2026-01-02 09:45:00,CELL_126,5G,n41,-114.63,-8.69,5.76,-85.47,57.16,0.511,0,105.72,9,4,0,27.472,8.455621301775148,29.208759999999998
2026-01-02 09:50:00,CELL_120,LTE,B4,-93.67,-8.1,2.05,-72.04,51.37,0.371,1,71.04,9,4,0,35.938500000000005,16.84262295081967,19.05827
2026-01-02 09:55:00,CELL_106,5G,n41,-96.86,-9.27,14.54,-79.32,64.81,1.0,3,134.87,9,4,0,37.9575,4.170527670527671,64.81
2026-01-02 10:00:00,CELL_106,LTE,B66,-89.56,-11.73,14.64,-73.72,35.24,0.399,0,49.81,10,4,0,40.6575,2.2531969309462916,14.060760000000002
2026-01-02 10:05:00,CELL_118,5G,n77,-94.17,-11.49,24.91,-80.95,34.89,3.407,1,154.79,10,4,0,41.724,1.3465843303743728,118.87023
2026-01-02 10:10:00,CELL_125,5G,n77,-112.9,-12.28,8.32,-84.6,23.09,1.099,2,107.1,10,4,0,28.121000000000002,2.477467811158798,25.37591
2026-01-02 10:15:00,CELL_128,5G,n77,-110.41,-3.1,15.07,-93.35,35.15,1.015,1,118.84,10,4,0,33.5615,2.1873055382700684,35.677249999999994
2026-01-02 10:20:00,CELL_118,LTE,B4,-93.62,-9.33,15.19,-65.04,15.39,0.589,0,106.81,10,4,0,39.5955,0.9505867819641756,9.06471
2026-01-02 10:25:00,CELL_115,5G,n41,-80.63,-12.39,11.22,-55.66,43.27,0.466,0,155.75,10,4,0,43.485,3.5409165302782326,20.16382
2026-01-02 10:30:00,CELL_124,LTE,B2,-122.78,-9.6,18.21,-113.49,46.85,0.047,1,62.39,10,4,0,27.311999999999998,2.4388339406559085,2.20195
2026-01-02 10:35:00,CELL_129,LTE,B12,-89.51,-14.03,18.43,-74.84,41.14,0.307,0,99.27,10,4,0,41.242,2.117344312918168,12.62998
2026-01-02 10:40:00,CELL_100,LTE,B66,-78.53,-6.49,15.29,-63.88,36.14,0.071,2,128.42,10,4,0,47.126000000000005,2.2185389809699205,2.56594
2026-01-02 10:45:00,CELL_109,5G,n41,-95.99,-12.98,11.21,-78.39,19.58,0.069,2,149.62,10,4,0,36.4225,1.6036036036036034,1.3510199999999999
2026-01-02 10:50:00,CELL_110,LTE,B12,-86.85,-9.5,10.5,-69.15,52.92,0.165,0,91.73,10,4,0,41.1925,4.601739130434782,8.731800000000002
2026-01-02 10:55:00,CELL_116,5G,n41,-103.14,-7.8,3.43,-70.16,15.43,1.931,1,114.05,10,4,0,32.166,3.483069977426637,29.79533
2026-01-02 11:00:00,CELL_108,5G,n41,-95.55,-9.85,7.36,-82.94,40.68,1.924,1,129.96,11,4,0,36.248,4.866028708133972,78.26832
2026-01-02 11:05:00,CELL_109,LTE,B66,-115.07,-10.72,8.65,-95.93,73.12,0.316,0,46.22,11,4,0,27.633500000000005,7.57720207253886,23.10592
2026-01-02 11:10:00,CELL_100,LTE,B66,,-10.97,5.13,-103.39,64.28,0.109,1,15.51,11,4,0,,10.486133768352365,7.00652
2026-01-02 11:15:00,CELL_100,LTE,B4,-81.74,-11.17,16.08,-63.75,19.42,0.444,1,126.53,11,4,0,44.7485,1.137002341920375,8.622480000000001
2026-01-02 11:20:00,CELL_113,5G,n41,-106.8,-12.73,21.38,-88.25,24.95,1.285,1,142.33,11,4,0,34.671499999999995,1.1148346738159072,32.06075
2026-01-02 11:25:00,CELL_129,5G,n41,-99.92,-12.35,6.64,-87.15,39.32,1.623,2,132.0,11,4,0,33.4405,5.146596858638744,63.81636
2026-01-02 11:30:00,CELL_108,LTE,B66,-112.02,-6.56,14.98,-93.49,40.95,0.846,0,75.31,11,4,0,31.945000000000007,2.5625782227784732,34.6437
2026-01-02 11:35:00,CELL_107,5G,n77,-112.33,-11.33,5.76,-91.77,12.01,0.989,2,97.66,11,4,0,27.847,1.7766272189349113,11.877889999999999
2026-01-02 11:40:00,CELL_107,LTE,B2,-96.26,-13.36,10.87,-76.62,47.78,0.904,1,97.77,11,4,0,36.104,4.025273799494524,43.19312
2026-01-02 11:45:00,CELL_129,5G,n77,-103.48,-12.55,8.17,-82.63,32.85,0.127,0,96.27,11,4,0,32.2475,3.5823336968375137,4.17195
2026-01-02 11:50:00,CELL_119,5G,n41,-89.09,-7.7,17.21,-64.02,61.71,2.674,1,140.41,11,4,0,42.647499999999994,3.3887973640856672,165.01254
2026-01-02 11:55:00,CELL_119,5G,n77,-88.12,-8.97,8.25,-65.43,29.2,0.842,0,131.86,11,4,0,40.0785,3.1567567567567565,24.586399999999998
2026-01-02 12:00:00,CELL_105,5G,n41,-89.83,-9.32,20.08,-71.47,50.52,0.027,1,178.83,12,4,0,42.770500000000006,2.3965844402277043,1.3640400000000001
2026-01-02 12:05:00,CELL_127,5G,n77,-90.9,-11.77,11.28,-78.76,13.99,1.042,2,147.61,12,4,0,39.036500000000004,1.1392508143322477,14.577580000000001
2026-01-02 12:10:00,CELL_105,LTE,B2,-73.49,-9.28,8.45,-58.49,26.58,0.24,0,100.11,12,4,0,46.64450000000001,2.812698412698413,6.379199999999999
2026-01-02 12:15:00,CELL_129,LTE,B4,-107.88,-12.93,4.23,-90.98,52.82,1.732,0,32.35,12,4,0,28.990500000000004,10.099426386233269,91.48424
2026-01-02 12:20:00,CELL_128,LTE,B2,-94.71,-11.78,14.77,-75.45,58.26,1.583,2,61.79,12,4,0,38.3665,3.6943563728598603,92.22558
2026-01-02 12:25:00,CELL_117,LTE,B2,-79.28,-8.09,19.27,-63.67,27.64,1.224,0,115.29,12,4,0,47.5825,1.3635915145535273,33.83136
2026-01-02 12:30:00,CELL_126,5G,n77,-77.56,-8.38,14.91,-64.24,33.36,0.834,0,162.82,12,4,0,46.976,2.096794468887492,27.822239999999997
2026-01-02 12:35:00,CELL_129,5G,n77,-112.48,-13.95,28.67,-100.42,12.28,2.083,0,141.86,12,4,0,33.9975,0.41388608021570605,25.579240000000002
2026-01-02 12:40:00,CELL_117,5G,n41,-98.06,-13.57,23.01,-88.32,30.28,2.255,1,151.43,12,4,0,38.8835,1.2611411911703456,68.2814
2026-01-02 12:45:00,CELL_123,LTE,B4,-76.34,-10.67,10.85,-59.52,54.55,0.248,1,101.91,12,4,0,45.734500000000004,4.60337552742616,13.5284
2026-01-02 12:50:00,CELL_117,5G,n77,-87.39,-5.82,10.77,-76.74,26.48,1.213,0,133.76,12,4,0,41.950500000000005,2.249787595581988,32.12024
2026-01-02 12:55:00,CELL_115,LTE,B12,-91.46,-16.75,16.29,-78.46,38.26,0.376,1,74.51,12,4,0,39.042500000000004,2.21283979178716,14.38576
2026-01-02 13:00:00,CELL_110,LTE,B2,-96.83,-10.17,7.13,-80.8,25.05,0.205,1,78.11,13,4,0,35.523,3.0811808118081188,5.13525
2026-01-02 13:05:00,CELL_119,5G,n41,-98.99,-15.13,21.16,-87.67,23.27,2.253,1,152.4,13,4,0,37.52,1.0500902527075813,52.42731
2026-01-02 13:10:00,CELL_108,5G,n41,-90.25,-12.9,15.53,-70.35,59.37,1.385,2,142.3,13,4,0,40.3215,3.5916515426497275,82.22744999999999
2026-01-02 13:15:00,CELL_105,5G,n41,-97.28,-12.09,14.8,-75.58,34.09,0.899,1,144.06,13,4,0,37.1415,2.1575949367088607,30.646910000000005
2026-01-02 13:20:00,CELL_108,LTE,B12,-94.55,-12.26,17.81,-79.3,26.97,0.278,0,119.35,13,4,0,39.230500000000006,1.433811802232855,7.497660000000001
2026-01-02 13:25:00,CELL_100,5G,n41,-92.98,-12.6,25.06,-77.16,28.28,2.306,0,173.7,13,4,0,42.027,1.0851880276285495,65.21368000000001
2026-01-02 13:30:00,CELL_128,LTE,B2,-102.81,-10.98,14.2,-82.13,18.04,0.235,0,117.87,13,4,0,34.750499999999995,1.186842105263158,4.2394
2026-01-02 13:35:00,CELL_107,5G,n41,-87.08,-12.61,12.21,-72.65,17.79,0.173,3,190.02,13,4,0,40.8245,1.3467070401211203,3.0776699999999995
2026-01-02 13:40:00,CELL_123,5G,n77,,-15.39,23.56,-42.03,53.41,0.7,1,183.25,13,4,0,,2.1746742671009773,37.38699999999999
2026-01-02 13:45:00,CELL_113,LTE,B12,-117.1,-8.66,19.77,-93.12,39.86,1.285,0,37.15,13,4,0,30.571,1.9191141068849302,51.220099999999995
2026-01-02 13:50:00,CELL_110,LTE,B4,-89.79,-8.74,10.75,-67.37,70.36,0.492,0,72.67,13,4,0,40.134499999999996,5.988085106382979,34.61712
2026-01-02 13:55:00,CELL_106,LTE,B66,-103.88,-8.47,13.04,-82.87,40.57,0.821,3,69.98,13,4,0,34.548500000000004,2.88960113960114,33.30797
2026-01-02 14:00:00,CELL_124,5G,n41,-86.49,-15.62,14.37,-63.87,32.46,0.374,0,155.42,14,4,0,40.9855,2.1119063109954457,12.14004
2026-01-02 14:05:00,CELL_115,LTE,B66,-93.39,-10.1,15.53,-85.28,51.61,0.423,1,92.8,14,4,0,39.6085,3.1222020568663034,21.83103
2026-01-02 14:10:00,CELL_113,5G,n41,-84.1,-8.97,3.5,-59.33,5.0,2.911,1,130.05,14,4,0,40.462500000000006,1.1111111111111112,14.555
2026-01-02 14:15:00,CELL_119,5G,n77,-78.72,-14.09,2.2,-58.76,36.07,0.638,0,130.06,14,4,0,41.213499999999996,11.271875,23.01266
2026-01-02 14:20:00,CELL_124,LTE,B2,-91.5,-10.97,6.79,-68.44,41.27,2.191,3,53.59,14,4,0,37.6195,5.297817715019256,90.42257
2026-01-02 14:25:00,CELL_119,LTE,B12,-79.28,-11.35,6.25,-59.35,64.29,0.065,0,79.84,14,4,0,42.8615,8.867586206896553,4.178850000000001
2026-01-02 14:30:00,CELL_114,5G,n77,-124.48,-5.47,8.49,-106.23,47.47,1.761,2,85.72,14,4,0,24.6635,5.002107481559536,83.59467
2026-01-02 14:35:00,CELL_126,LTE,B12,-73.32,-5.23,17.44,-56.7,24.99,0.295,1,121.47,14,4,0,50.4305,1.3552060737527114,7.372049999999999
2026-01-02 14:40:00,CELL_126,LTE,B2,-89.12,-15.99,11.82,-69.29,60.63,1.414,0,71.72,14,4,0,38.9445,4.729329173166927,85.73082
2026-01-02 14:45:00,CELL_128,5G,n41,-79.99,-3.52,14.37,-63.55,29.07,0.292,2,170.22,14,4,0,46.935500000000005,1.8913467794404686,8.488439999999999
2026-01-02 14:50:00,CELL_102,5G,n41,-109.86,-13.75,4.43,-87.52,19.43,0.457,0,106.57,14,4,0,27.954500000000003,3.578268876611418,8.87951
2026-01-02 14:55:00,CELL_126,5G,n77,-104.8,-8.06,9.77,-94.73,35.96,0.197,2,131.21,14,4,0,33.256,3.338904363974002,7.08412
2026-01-02 15:00:00,CELL_105,LTE,B4,,-8.09,17.11,-76.81,38.96,1.437,0,80.23,15,4,0,,2.1512976256212037,55.98552
2026-01-02 15:05:00,CELL_118,LTE,B4,-94.22,-13.99,17.16,-66.0,65.08,1.632,2,59.29,15,4,0,38.7515,3.5837004405286343,106.21055999999999
2026-01-02 15:10:00,CELL_119,LTE,B2,-90.32,-9.52,7.93,-75.45,47.11,0.307,0,80.49,15,4,0,38.855000000000004,5.275475923852183,14.462769999999999
2026-01-02 15:15:00,CELL_106,LTE,B66,,-11.32,14.13,-63.09,45.08,0.098,2,107.12,15,4,0,,2.9795109054857893,4.41784
2026-01-02 15:20:00,CELL_100,LTE,B2,-116.95,-9.34,28.39,-103.36,55.51,2.166,2,56.69,15,4,0,33.0545,1.8887376658727457,120.23465999999999
2026-01-02 15:25:00,CELL_128,LTE,B2,-81.34,-10.31,12.88,-61.66,58.39,0.352,1,108.7,15,4,0,44.183499999999995,4.206772334293948,20.553279999999997
2026-01-02 15:30:00,CELL_126,LTE,B4,-93.89,-7.41,8.15,-79.57,53.75,0.605,0,91.23,15,4,0,37.842,5.8743169398907105,32.51875
2026-01-02 15:35:00,CELL_105,LTE,B2,-96.65,-10.77,11.78,-79.58,63.29,0.245,0,62.38,15,4,0,36.849,4.95226917057903,15.50605
2026-01-02 15:40:00,CELL_118,LTE,B66,-113.12,-11.5,13.65,-90.88,51.13,1.321,1,67.14,15,4,0,29.815999999999995,3.4901023890784986,67.54273
2026-01-02 15:45:00,CELL_104,5G,n41,-87.46,-7.71,11.94,-72.95,35.51,1.35,1,113.19,15,4,0,41.79750000000001,2.7442040185471406,47.9385
2026-01-02 15:50:00,CELL_116,5G,n41,-125.38,-9.26,12.78,-103.44,51.59,2.457,0,94.54,15,4,0,24.598000000000003,3.7438316400580556,126.75663
2026-01-02 15:55:00,CELL_109,LTE,B4,-85.57,-8.8,2.9,-63.46,40.64,1.803,0,57.32,15,4,0,39.663500000000006,10.42051282051282,73.27392
2026-01-02 16:00:00,CELL_122,LTE,B2,-113.4,-12.99,6.26,-90.12,42.5,1.703,2,44.97,16,4,0,27.100499999999997,5.853994490358127,72.3775
2026-01-02 16:05:00,CELL_117,LTE,B12,-93.31,-14.14,11.95,-74.6,67.82,0.662,0,59.18,16,4,0,37.560500000000005,5.237065637065637,44.89684
2026-01-02 16:10:00,CELL_114,5G,n41,-95.55,-12.7,11.84,-61.34,57.33,0.584,0,126.44,16,4,0,36.8795,4.464953271028038,33.48072
2026-01-02 16:15:00,CELL_120,LTE,B2,-78.8,,9.04,-55.52,41.88,1.306,3,76.6,16,4,0,,4.171314741035857,54.695280000000004
2026-01-02 16:20:00,,LTE,B66,-96.32,-8.64,11.76,-76.7,35.2,0.626,1,75.76,16,4,0,37.524,2.7586206896551726,22.035200000000003
2026-01-02 16:25:00,CELL_100,LTE,B12,-103.02,-8.07,13.43,-89.4,63.95,1.854,0,78.08,16,4,0,35.1525,4.431739431739432,118.56330000000001
2026-01-02 16:30:00,CELL_117,LTE,B4,-100.59,,19.23,-83.07,54.01,0.226,0,82.93,16,4,0,,2.6697973306969844,12.20626
2026-01-02 16:35:00,CELL_123,LTE,B12,-77.45,-6.71,12.31,-52.32,46.73,1.177,0,124.36,16,4,0,46.663,3.5108940646130726,55.00121
2026-01-02 16:40:00,CELL_114,LTE,B12,-87.03,-6.89,15.79,-60.48,37.17,0.404,0,96.84,16,4,0,43.351,2.213817748659917,15.016680000000001
2026-01-02 16:45:00,CELL_105,LTE,B2,-99.01,-10.27,9.21,-73.62,46.98,0.184,1,84.59,16,4,0,35.141,4.601371204701272,8.644319999999999
2026-01-02 16:50:00,CELL_100,5G,n77,-97.07,-13.47,17.0,-75.15,32.67,3.706,2,107.06,16,4,0,37.551,1.8150000000000002,121.07502000000001
2026-01-02 16:55:00,CELL_108,5G,n41,-114.37,-6.27,15.63,-102.65,23.03,0.724,0,120.04,16,4,0,31.154999999999998,1.384846662657847,16.67372
2026-01-02 17:00:00,CELL_123,5G,n41,-88.95,-11.18,19.06,-68.51,34.94,0.131,1,154.86,17,4,0,42.3955,1.7417746759720838,4.57714
2026-01-02 17:05:00,CELL_109,LTE,B12,-116.88,-10.62,17.99,-105.08,45.98,0.352,0,80.81,17,4,0,29.646,2.421274354923644,16.184959999999997
2026-01-02 17:10:00,CELL_128,5G,n41,-84.23,-12.02,17.12,-73.66,27.37,0.535,1,166.9,17,4,0,43.7275,1.510485651214128,14.64295
2026-01-02 17:15:00,,LTE,B12,-92.33,-13.67,12.31,-73.13,55.56,1.155,2,46.71,17,4,0,38.227000000000004,4.174305033809166,64.1718
2026-01-02 17:20:00,CELL_112,LTE,B4,-62.97,-15.41,14.71,-42.35,61.33,0.354,1,104.27,17,4,0,51.724000000000004,3.903882877148313,21.71082
2026-01-02 17:25:00,CELL_122,5G,n41,-108.3,-9.1,20.44,-85.78,47.55,0.614,1,118.11,17,4,0,34.622,2.2178171641791042,29.1957
2026-01-02 17:30:00,CELL_118,LTE,B12,-95.33,-13.35,8.44,-74.85,37.86,0.927,2,79.4,17,4,0,35.796,4.010593220338984,35.09622
2026-01-02 17:35:00,CELL_101,LTE,B2,-70.62,-1.82,8.6,-49.96,53.34,1.092,0,107.8,17,4,0,49.846,5.55625,58.24728000000001
2026-01-02 17:40:00,CELL_102,5G,n77,-78.51,-14.26,14.27,-65.44,34.17,0.66,0,161.09,17,4,0,44.8865,2.237721021611002,22.552200000000003
2026-01-02 17:45:00,CELL_105,5G,n41,-103.05,-14.77,15.91,-85.58,14.46,2.875,1,123.38,17,4,0,34.208,0.8551153163808398,41.572500000000005
2026-01-02 17:50:00,CELL_126,5G,n77,-91.09,-9.47,7.23,-80.62,43.09,1.333,0,134.28,17,4,0,38.311,5.235722964763062,57.438970000000005
2026-01-02 17:55:00,CELL_100,LTE,B2,-93.97,-6.41,12.48,-85.99,44.19,1.271,2,60.51,17,4,0,39.355000000000004,3.2781899109792283,56.16548999999999
2026-01-02 18:00:00,CELL_102,LTE,B12,-90.33,-10.81,12.34,-68.63,80.9,1.231,1,70.78,18,4,0,39.851,6.064467766116942,99.58790000000002
2026-01-02 18:05:00,CELL_123,5G,n41,-103.08,-9.28,-2.51,-88.85,54.86,1.866,0,85.8,18,4,0,30.041,15.62962962962963,102.36876000000001
2026-01-02 18:10:00,CELL_118,5G,B66,-95.16,-16.53,11.46,-72.8,52.67,0.871,1,67.36,18,4,0,35.9835,4.227126805778491,45.87557
2026-01-02 18:15:00,CELL_129,5G,n77,-114.77,-13.03,11.9,-91.23,36.74,0.221,2,113.13,18,4,0,28.166,2.848062015503876,8.11954
2026-01-02 18:20:00,CELL_106,LTE,B2,-92.24,-14.22,11.88,-77.34,44.46,1.046,1,79.23,18,4,0,38.001000000000005,3.451863354037267,46.505160000000004
2026-01-02 18:25:00,CELL_119,LTE,B2,-88.15,-16.69,22.91,-67.2,26.94,1.167,1,119.4,18,4,0,42.533,1.1267252195734003,31.43898
2026-01-02 18:30:00,CELL_104,LTE,B66,-96.96,-10.65,4.49,-82.26,15.92,2.107,1,46.59,18,4,0,34.5525,2.8998178506375227,33.543440000000004
2026-01-02 18:35:00,CELL_117,5G,n77,-115.0,-17.73,7.23,-106.23,19.91,0.193,1,114.64,18,4,0,25.4865,2.419198055893074,3.84263
2026-01-02 18:40:00,CELL_103,LTE,B4,-81.15,-14.97,-5.29,-62.53,41.28,0.261,1,74.67,18,4,0,37.653,6.562798092209857,10.774080000000001
2026-01-02 18:45:00,CELL_127,LTE,B66,-89.26,-12.61,9.63,-73.62,10.42,0.747,0,98.82,18,4,0,39.0695,0.9802445907808089,7.78374
2026-01-02 18:50:00,CELL_112,LTE,B2,-103.44,-13.49,10.23,-87.64,33.84,1.261,1,69.99,18,4,0,32.648500000000006,3.0133570792520037,42.67224
2026-01-02 18:55:00,CELL_107,LTE,B12,-97.65,-9.81,9.43,-69.77,38.29,0.149,0,73.31,18,4,0,35.934,3.6711409395973154,5.705209999999999
2026-01-02 19:00:00,CELL_129,LTE,B4,-113.51,-10.08,20.75,-103.14,38.77,0.2,0,87.22,19,4,0,32.1255,1.782528735632184,7.754000000000001
2026-01-02 19:05:00,CELL_101,5G,n41,-107.33,-8.32,19.02,-87.42,23.07,1.53,0,136.69,19,4,0,34.8275,1.1523476523476524,35.2971
2026-01-02 19:10:00,CELL_123,LTE,B66,-100.99,-8.74,13.54,-87.97,36.88,0.158,3,60.12,19,4,0,35.9315,2.536451169188446,5.82704
2026-01-02 19:15:00,CELL_115,5G,n77,-78.03,-7.58,10.41,-55.49,58.86,0.265,2,155.15,19,4,0,45.6145,5.15863277826468,15.597900000000001
2026-01-02 19:20:00,CELL_120,5G,n41,-102.31,-11.01,20.18,-82.82,42.93,1.612,0,116.74,19,4,0,36.762,2.0269121813031163,69.20316
2026-01-02 19:25:00,CELL_107,LTE,B66,-85.68,-10.09,12.86,-65.78,33.6,1.245,2,94.05,19,4,0,42.2795,2.4242424242424243,41.83200000000001
2026-01-02 19:30:00,CELL_126,LTE,B12,-101.0,-9.47,7.27,-87.72,40.97,,0,58.74,19,4,0,33.8635,4.954050785973398,
2026-01-02 19:35:00,CELL_113,5G,n41,-90.78,-10.58,0.99,-76.6,32.58,1.124,0,113.12,19,4,0,36.301,16.371859296482413,36.61992
2026-01-02 19:40:00,CELL_112,LTE,B4,-95.84,-12.19,9.91,-73.2,30.48,0.941,0,79.3,19,4,0,36.2975,2.7937671860678277,28.68168
2026-01-02 19:45:00,CELL_113,LTE,B2,-82.65,-12.0,18.28,-55.8,30.46,0.635,1,103.91,19,4,0,44.7915,1.579875518672199,19.342100000000002
2026-01-02 19:50:00,CELL_108,5G,n41,-100.95,-13.45,28.94,-80.55,48.16,0.479,2,162.81,19,4,0,39.391999999999996,1.6085504342017367,23.06864
2026-01-02 19:55:00,CELL_109,5G,n77,-114.44,-9.74,13.43,-100.93,26.7,1.085,2,112.43,19,4,0,29.596,1.8503118503118503,28.9695
2026-01-02 20:00:00,CELL_104,5G,n41,-111.97,-11.28,7.64,-92.27,16.58,0.178,1,106.3,20,4,0,28.585500000000003,1.9189814814814812,2.9512399999999994
2026-01-02 20:05:00,,LTE,B66,-100.91,-12.99,4.71,-70.78,41.35,1.074,0,70.25,20,4,0,32.256,7.241681260945709,44.40990000000001
2026-01-02 20:10:00,CELL_114,5G,n41,-110.24,-12.99,16.86,-91.73,34.77,0.862,0,128.46,20,4,0,31.7025,1.9468085106382982,29.971740000000004
2026-01-02 20:15:00,CELL_111,5G,n77,-88.67,-14.63,0.65,-63.36,5.0,0.921,0,140.84,20,4,0,36.136,3.0303030303030303,4.605
2026-01-02 20:20:00,CELL_129,LTE,B12,-100.05,-8.06,16.85,-85.76,41.39,0.251,0,102.13,20,4,0,37.5175,2.318767507002801,10.38889
2026-01-02 20:25:00,CELL_103,5G,n41,-63.13,-10.76,18.72,-45.34,46.02,2.149,1,197.09,20,4,0,54.017500000000005,2.3336713995943206,98.89698000000001
2026-01-02 20:30:00,CELL_127,LTE,B2,-116.59,-13.59,16.05,-95.49,48.77,0.36,1,62.62,20,4,0,28.451999999999998,2.8604105571847507,17.5572
2026-01-02 20:35:00,CELL_126,LTE,B66,-91.35,-8.57,11.46,-71.37,75.45,0.427,1,64.91,20,4,0,39.688,6.0553772070626,32.217150000000004
2026-01-02 20:40:00,CELL_100,LTE,B4,-108.66,-12.68,16.95,-94.5,60.77,0.61,2,42.96,20,4,0,32.518,3.385515320334262,37.069700000000005
2026-01-02 20:45:00,CELL_121,LTE,B4,-100.41,-15.22,14.2,-86.46,63.73,1.243,1,65.2,20,4,0,34.770500000000006,4.192763157894737,79.21639
2026-01-02 20:50:00,CELL_106,LTE,B12,-92.16,-7.94,7.55,-69.22,84.0,0.896,2,64.54,20,4,0,38.308,9.82456140350877,75.264
2026-01-02 20:55:00,CELL_101,5G,n77,-124.23,-12.61,25.95,-100.27,44.37,0.092,0,130.43,20,4,0,28.229,1.646382189239332,4.08204
2026-01-02 21:00:00,CELL_125,5G,n41,-90.92,-12.23,10.54,-65.36,35.45,0.714,0,97.95,21,4,0,38.6905,3.071923743500867,25.3113
2026-01-02 21:05:00,CELL_103,LTE,B66,-69.26,-10.88,18.43,-42.24,56.61,0.773,2,127.75,21,4,0,51.141999999999996,2.9135357694287185,43.75953
2026-01-02 21:10:00,CELL_108,5G,n77,-99.89,-7.57,-3.93,-81.22,24.61,2.191,0,104.84,21,4,0,31.478,4.991886409736309,53.92050999999999
2026-01-02 21:15:00,CELL_102,5G,n77,-90.62,-10.94,21.94,-74.18,34.62,0.526,0,161.34,21,4,0,42.568,1.5091543156059284,18.21012
2026-01-02 21:20:00,CELL_104,LTE,B2,-80.68,-14.6,23.28,-55.92,32.28,1.151,1,133.99,21,4,0,46.528,1.329489291598023,37.15428
2026-01-02 21:25:00,CELL_101,LTE,B2,-96.13,-9.37,13.21,-74.57,47.97,1.899,0,78.97,21,4,0,37.862,3.37579169598874,91.09503
2026-01-02 21:30:00,CELL_125,LTE,B12,-101.55,,16.91,-88.46,32.22,0.234,1,77.14,21,4,0,,1.7989949748743719,7.53948
2026-01-02 21:35:00,CELL_101,LTE,B12,-123.58,-5.34,16.91,-110.75,31.7,1.389,1,65.09,21,4,0,27.627000000000002,1.7699609156895588,44.0313
2026-01-02 21:40:00,,5G,n77,-85.67,-11.0,8.5,-65.21,39.2,1.078,0,123.42,21,4,0,40.7485,4.126315789473685,42.257600000000004
2026-01-02 21:45:00,CELL_104,LTE,B66,-95.47,-17.71,16.83,-78.36,39.93,0.508,1,88.06,21,4,0,37.160000000000004,2.2394840157038702,20.28444
2026-01-02 21:50:00,CELL_127,LTE,B66,-107.16,-9.93,7.34,-89.3,13.09,1.402,0,59.57,21,4,0,30.997500000000002,1.5695443645083933,18.352179999999997
2026-01-02 21:55:00,CELL_125,LTE,B2,-92.35,-5.17,8.74,-68.99,20.17,0.23,3,72.2,21,4,0,39.272000000000006,2.0708418891170433,4.639100000000001
2026-01-02 22:00:00,CELL_118,LTE,B12,-101.59,-6.27,20.89,-79.79,24.79,0.368,0,101.54,22,4,0,38.483999999999995,1.1324805847418913,9.12272
2026-01-02 22:05:00,CELL_124,5G,n41,-100.87,-5.51,19.82,-76.22,19.76,0.616,0,168.18,22,4,0,38.677,0.9490874159462056,12.172160000000002
2026-01-02 22:10:00,CELL_108,LTE,B66,-86.12,-14.06,8.06,-77.78,48.22,0.483,2,92.77,22,4,0,39.649,5.322295805739514,23.29026
2026-01-02 22:15:00,CELL_123,LTE,B4,-111.4,-8.26,7.86,-92.13,45.28,1.277,1,50.85,22,4,0,29.662999999999997,5.110609480812641,57.822559999999996
2026-01-02 22:20:00,CELL_106,LTE,B66,-80.38,,8.48,-58.91,57.98,0.695,1,62.67,22,4,0,,6.116033755274261,40.296099999999996
2026-01-02 22:25:00,CELL_118,LTE,B4,-112.17,-10.33,18.13,-101.8,53.29,0.433,0,49.47,22,4,0,31.880000000000003,2.7856769472033456,23.074569999999998
2026-01-02 22:30:00,CELL_127,5G,n41,-102.62,,6.0,-87.89,49.08,1.874,2,100.61,22,4,0,,7.011428571428572,91.97592
2026-01-02 22:35:00,CELL_121,LTE,B4,-69.0,-12.93,15.5,-55.2,51.13,1.236,0,114.58,22,4,0,49.8675,3.098787878787879,63.19668
2026-01-02 22:40:00,CELL_108,LTE,B4,-79.34,-13.03,18.23,-61.24,45.15,0.124,1,107.28,22,4,0,46.0085,2.34789391575663,5.598599999999999
2026-01-02 22:45:00,CELL_122,LTE,B66,-92.73,-8.3,12.38,-66.59,58.49,0.12,1,100.19,22,4,0,39.4105,4.371449925261584,7.0188
2026-01-02 22:50:00,,5G,n41,-106.23,-8.6,20.07,-78.11,46.79,0.437,0,136.59,22,4,0,35.567499999999995,2.2206929283341243,20.44723
2026-01-02 22:55:00,CELL_126,5G,n77,-100.88,-10.17,10.87,-86.95,38.64,0.147,0,134.65,22,4,0,34.822500000000005,3.2552653748946927,5.680079999999999
2026-01-02 23:00:00,CELL_122,5G,n41,-93.05,-15.05,11.5,-72.41,52.07,1.637,0,138.52,23,4,0,37.315,4.1656,85.23859
2026-01-02 23:05:00,CELL_121,5G,n77,-93.51,-11.93,6.16,-72.72,5.0,0.388,1,139.93,23,4,0,36.285999999999994,0.6983240223463687,1.94
2026-01-02 23:10:00,CELL_123,5G,n41,-95.18,-13.24,20.12,-75.24,28.64,1.15,1,183.54,23,4,0,39.394999999999996,1.356060606060606,32.936
2026-01-02 23:15:00,CELL_122,LTE,B2,-94.4,-8.39,7.63,-74.41,37.41,1.372,1,56.16,23,4,0,37.2115,4.334878331402086,51.32652
2026-01-02 23:20:00,CELL_104,LTE,B4,-96.79,-7.47,15.45,-77.27,59.29,0.408,0,70.98,23,4,0,38.711999999999996,3.6042553191489364,24.19032
2026-01-02 23:25:00,CELL_124,LTE,B66,-112.75,-7.83,12.5,-86.31,65.57,0.589,2,32.03,23,4,0,30.555,4.857037037037037,38.620729999999995
2026-01-02 23:30:00,CELL_105,LTE,B2,-100.71,-13.27,5.63,-77.2,20.25,0.932,0,84.76,23,4,0,32.55200000000001,3.054298642533937,18.873
2026-01-02 23:35:00,CELL_116,5G,n41,-82.11,-19.22,8.74,-69.41,54.17,1.562,1,142.95,23,4,0,40.3675,5.561601642710472,84.61354
2026-01-02 23:40:00,CELL_110,LTE,B2,-111.79,-16.3,22.68,-89.81,24.43,3.831,0,63.5,23,4,0,31.923499999999997,1.0316722972972974,93.59133
2026-01-02 23:45:00,CELL_106,5G,n77,-96.46,-6.74,14.41,-74.0,15.88,2.658,0,127.68,23,4,0,38.731,1.0304996755353666,42.20904
2026-01-02 23:50:00,CELL_108,5G,n41,-104.66,-12.2,5.94,-85.08,29.49,0.687,0,130.34,23,4,0,31.134999999999998,4.249279538904899,20.25963
2026-01-02 23:55:00,CELL_102,LTE,B4,-92.55,-13.25,15.14,-68.9,37.23,0.679,1,93.72,23,4,0,39.082,2.306691449814126,25.27917
2026-01-03 00:00:00,CELL_113,5G,n77,-99.05,-6.07,11.98,-80.11,9.62,2.446,1,148.3,0,5,1,37.004000000000005,0.7411402157164868,23.53052
2026-01-03 00:05:00,CELL_112,5G,n41,-74.79,-7.2,37.18,-55.79,42.75,0.724,0,213.16,0,5,1,55.198499999999996,1.1196961760083814,30.951
2026-01-03 00:10:00,CELL_112,5G,n41,-87.41,-10.93,15.0,-68.81,43.19,0.398,1,156.11,0,5,1,41.933,2.699375,17.18962
2026-01-03 00:15:00,CELL_102,LTE,B4,-111.05,-11.88,10.34,-103.14,57.81,1.66,0,45.98,0,5,1,29.6595,5.097883597883598,95.9646
2026-01-03 00:20:00,CELL_118,LTE,B4,-85.27,-11.4,22.94,-67.68,35.5,0.974,1,107.29,0,5,1,45.1605,1.4828738512949038,34.577
2026-01-03 00:25:00,CELL_105,LTE,B66,-104.07,-10.32,0.11,-89.41,41.41,0.117,0,43.51,0,5,1,30.121500000000005,37.3063063063063,4.84497
2026-01-03 00:30:00,CELL_125,LTE,B12,-101.5,-6.2,13.66,-89.43,41.54,0.53,0,60.74,0,5,1,36.373,2.8335607094133697,22.0162
2026-01-03 00:35:00,CELL_100,LTE,B12,-89.92,-9.73,26.96,-64.75,67.32,0.154,1,113.78,0,5,1,44.691500000000005,2.4077253218884116,10.36728
2026-01-03 00:40:00,CELL_101,5G,n77,-100.39,-8.82,12.19,-79.87,5.0,0.009,2,151.95,0,5,1,35.7765,0.37907505686125853,0.045
2026-01-03 00:45:00,CELL_109,5G,n41,-82.39,-7.49,0.87,-64.54,18.65,2.947,0,137.82,0,5,1,40.813,9.973262032085561,54.961549999999995
2026-01-03 00:50:00,CELL_112,LTE,B66,-104.07,-14.51,10.23,-88.89,42.08,0.816,1,68.77,0,5,1,32.11000000000001,3.747105966162066,34.33728
2026-01-03 00:55:00,CELL_129,LTE,B12,-102.05,-8.74,23.18,-82.57,25.72,0.551,2,95.61,0,5,1,38.3465,1.0636889991728702,14.17172
2026-01-03 01:00:00,CELL_115,LTE,B66,-102.53,-11.88,15.63,-79.58,38.13,0.433,1,96.47,1,5,1,35.0805,2.2928442573662053,16.51029
2026-01-03 01:05:00,CELL_111,LTE,B4,-101.35,-18.55,7.13,-87.49,40.11,0.737,0,71.67,1,5,1,31.394000000000005,4.933579335793358,29.56107
2026-01-03 01:10:00,CELL_125,LTE,n41,-79.71,-17.38,8.2,-61.73,23.13,0.427,0,172.84,1,5,1,41.74550000000001,2.514130434782609,9.87651
2026-01-03 01:15:00,CELL_107,LTE,B2,,-14.05,9.08,-63.49,42.97,0.24,1,103.03,1,5,1,,4.262896825396825,10.3128
2026-01-03 01:20:00,CELL_126,LTE,B2,-71.77,-9.41,15.53,-63.45,51.42,0.455,1,111.95,1,5,1,49.51,3.1107078039927405,23.3961
2026-01-03 01:25:00,CELL_112,5G,n41,-64.52,-10.66,22.37,-46.81,29.46,2.261,1,197.1,1,5,1,54.512,1.2605905006418485,66.60906
2026-01-03 01:30:00,CELL_109,LTE,B12,-107.4,-10.45,20.37,-91.55,35.2,1.629,1,85.52,1,5,1,34.668499999999995,1.6471689284043052,57.3408
2026-01-03 01:35:00,CELL_109,LTE,B4,-93.08,-5.15,16.19,-75.75,39.51,0.456,0,79.08,1,5,1,41.1835,2.2984293193717273,18.01656
2026-01-03 01:40:00,CELL_100,5G,n77,-109.29,-14.81,3.68,-93.8,32.89,3.179,1,73.02,1,5,1,27.720999999999997,7.027777777777779,104.55731
2026-01-03 01:45:00,CELL_120,5G,n41,-104.11,-11.08,3.7,-85.42,6.9,0.679,0,103.71,1,5,1,30.990500000000004,1.4680851063829787,4.6851
2026-01-03 01:50:00,CELL_117,5G,n41,-102.19,-10.09,16.73,-74.57,39.92,0.311,1,134.2,1,5,1,36.011,2.251551043429216,12.41512
2026-01-03 01:55:00,CELL_119,5G,n77,-107.74,-13.21,3.58,-91.36,26.23,1.013,0,100.28,1,5,1,28.7885,5.72707423580786,26.57099
2026-01-03 02:00:00,CELL_119,LTE,B12,-107.67,-10.92,11.42,-88.22,60.92,2.547,0,26.06,2,5,1,31.744500000000002,4.90499194847021,155.16324
2026-01-03 02:05:00,CELL_100,5G,n77,-95.88,-15.8,15.13,-67.9,41.87,2.177,2,130.13,2,5,1,36.943000000000005,2.595784252944823,91.15099
2026-01-03 02:10:00,CELL_126,5G,n77,-109.82,-6.77,5.04,-94.57,50.55,0.329,0,96.73,2,5,1,29.9005,8.369205298013245,16.63095
2026-01-03 02:15:00,CELL_115,5G,n77,-83.05,-13.04,5.83,-55.98,17.83,0.183,1,162.57,2,5,1,40.6165,2.610541727672035,3.2628899999999996
2026-01-03 02:20:00,CELL_120,5G,n41,-105.93,-4.91,12.34,-87.9,27.43,0.501,2,147.84,2,5,1,34.306,2.056221889055472,13.74243
2026-01-03 02:25:00,CELL_101,5G,n41,-57.48,-11.1,16.53,-30.57,14.36,1.168,0,208.98,2,5,1,55.81800000000001,0.8191671420422133,16.772479999999998
2026-01-03 02:30:00,CELL_122,5G,n41,-99.87,-7.92,20.43,-78.12,22.42,1.454,0,141.25,2,5,1,38.707499999999996,1.0461969202053198,32.59868
2026-01-03 02:35:00,CELL_120,LTE,B2,-93.06,-11.16,17.25,-73.53,60.78,1.937,1,84.45,2,5,1,40.008,3.3304109589041095,117.73086
2026-01-03 02:40:00,CELL_111,5G,n41,-110.84,-11.09,13.52,-93.17,55.31,0.858,4,102.47,2,5,1,30.905499999999996,3.8092286501377415,47.455980000000004
2026-01-03 02:45:00,CELL_128,LTE,B4,-71.82,-12.75,7.78,-56.94,24.78,0.884,1,103.19,2,5,1,46.3275,2.8223234624145785,21.905520000000003
2026-01-03 02:50:00,CELL_119,LTE,B66,-79.45,-10.64,5.5,-61.07,35.13,0.829,0,78.4,2,5,1,42.7375,5.404615384615385,29.12277
2026-01-03 02:55:00,CELL_127,5G,n41,-90.14,-10.05,9.42,-67.65,31.86,1.739,0,128.61,2,5,1,39.2505,3.057581573896353,55.404540000000004
2026-01-03 03:00:00,CELL_124,5G,n41,-111.51,-13.35,15.87,-93.57,41.78,1.475,0,113.94,3,5,1,30.743999999999996,2.476585655008892,61.6255
2026-01-03 03:05:00,CELL_106,5G,n41,-91.26,-11.38,15.36,-74.84,6.6,0.316,0,172.78,3,5,1,40.196,0.40342298288508555,2.0856
2026-01-03 03:10:00,CELL_129,LTE,B4,-108.58,-12.83,-1.7,-91.83,17.95,1.328,1,43.24,3,5,1,26.9215,6.648148148148147,23.837600000000002
2026-01-03 03:15:00,CELL_122,5G,n77,-74.99,-4.1,7.5,-52.03,40.34,1.649,2,165.8,3,5,1,46.9795,4.745882352941177,66.52066
2026-01-03 03:20:00,CELL_105,5G,n77,-83.48,-11.27,21.43,-59.35,5.0,1.758,1,185.86,3,5,1,45.5455,0.22291573785109228,8.79
2026-01-03 03:25:00,CELL_123,LTE,B4,-92.76,-6.36,13.55,-78.1,35.3,0.975,0,91.94,3,5,1,40.233,2.4261168384879723,34.4175
2026-01-03 03:30:00,CELL_112,LTE,B12,-125.67,-11.59,3.08,-111.02,44.43,0.928,0,13.15,3,5,1,20.974999999999998,10.88970588235294,41.23104
2026-01-03 03:35:00,CELL_125,LTE,B66,-106.78,-10.22,29.49,-86.89,48.23,0.708,0,84.88,3,5,1,37.741,1.5818301082322073,34.14684
2026-01-03 03:40:00,CELL_105,5G,n41,-85.06,-14.96,12.8,-59.42,30.87,0.781,0,146.68,3,5,1,41.32299999999999,2.2369565217391303,24.10947
2026-01-03 03:45:00,CELL_107,LTE,B2,-78.23,-12.34,15.69,-54.5,36.51,2.814,0,92.47,3,5,1,45.9185,2.1875374475733973,102.73913999999999
2026-01-03 03:50:00,CELL_110,5G,n41,-79.58,-10.37,15.8,-67.84,45.67,0.806,0,130.14,3,5,1,45.8365,2.718452380952381,36.81002
2026-01-03 03:55:00,CELL_113,LTE,B12,-114.7,-6.24,10.43,-98.02,46.28,0.346,0,37.22,3,5,1,29.454,4.04899387576553,16.01288
2026-01-03 04:00:00,CELL_118,5G,n77,-90.08,-10.33,7.91,-76.73,23.29,0.993,1,155.97,4,5,1,38.7545,2.6139169472502806,23.12697
2026-01-03 04:05:00,CELL_106,LTE,B12,-80.8,-6.85,27.85,-64.14,42.57,1.43,3,126.62,4,5,1,49.7825,1.4755632582322356,60.875099999999996
2026-01-03 04:10:00,CELL_121,5G,n41,-115.56,-9.08,20.02,-89.54,38.75,1.699,1,113.12,4,5,1,31.234,1.8434823977164605,65.83625
2026-01-03 04:15:00,CELL_100,LTE,B12,-94.1,-6.12,18.75,-83.22,67.77,0.236,2,87.33,4,5,1,41.25,3.431392405063291,15.993719999999998
2026-01-03 04:20:00,CELL_109,LTE,B66,-90.44,-11.18,17.03,-80.53,53.79,2.383,1,56.95,4,5,1,41.11600000000001,2.9833610648918465,128.18157
2026-01-03 04:25:00,CELL_119,5G,n77,-97.91,-3.83,5.98,-84.05,51.22,1.385,0,113.54,4,5,1,36.277,7.33810888252149,70.9397
2026-01-03 04:30:00,CELL_107,5G,n77,-118.08,-12.46,21.94,-98.64,23.84,2.279,1,136.84,4,5,1,29.831,1.039232781168265,54.33136
2026-01-03 04:35:00,CELL_112,LTE,n41,-98.23,-13.3,7.1,-77.13,25.14,0.139,1,126.25,4,5,1,34.1015,3.103703703703704,3.4944600000000006
2026-01-03 04:40:00,CELL_118,LTE,B4,-98.25,-14.63,14.98,-78.07,38.47,1.812,0,55.47,4,5,1,36.124,2.40738423028786,69.70764
2026-01-03 04:45:00,CELL_107,LTE,B12,-95.92,-4.01,1.52,-72.05,39.85,0.222,0,54.34,4,5,1,35.789500000000004,15.813492063492063,8.8467
2026-01-03 04:50:00,CELL_128,5G,B66,-101.33,-8.54,-1.29,-92.14,26.88,0.563,2,61.54,4,5,1,31.3795,11.737991266375545,15.133439999999998
2026-01-03 04:55:00,CELL_125,LTE,B66,-99.76,,15.23,-75.82,60.99,1.423,0,70.89,4,5,1,,3.7578558225508316,86.78877
2026-01-03 05:00:00,CELL_129,5G,n41,-94.52,-7.25,7.34,-78.08,46.25,0.196,0,108.85,5,5,1,37.3555,5.545563549160671,9.065
2026-01-03 05:05:00,CELL_114,5G,n41,-88.25,-8.94,-0.92,-66.59,28.41,0.424,2,148.1,5,5,1,37.2765,14.796875,12.04584
2026-01-03 05:10:00,CELL_110,5G,n41,-97.96,-5.1,16.78,-86.57,42.63,0.136,0,127.85,5,5,1,39.177,2.3976377952755907,5.797680000000001
2026-01-03 05:15:00,CELL_129,5G,n41,-99.33,-15.64,27.84,-81.3,36.34,1.392,0,157.46,5,5,1,39.2435,1.2600554785020806,50.585280000000004
2026-01-03 05:20:00,CELL_121,5G,n41,-92.8,-11.8,22.73,-73.62,43.8,0.309,1,146.69,5,5,1,41.609,1.845764854614412,13.534199999999998
2026-01-03 05:25:00,CELL_123,5G,n77,-118.97,-12.39,11.2,-95.19,12.84,0.758,0,99.64,5,5,1,26.226000000000003,1.0524590163934426,9.73272
2026-01-03 05:30:00,CELL_105,LTE,B66,-87.8,-16.92,13.06,-77.72,39.82,1.08,3,79.24,5,5,1,39.678000000000004,2.8321479374110954,43.0056
2026-01-03 05:35:00,CELL_126,LTE,B2,-94.01,-7.82,19.21,-75.85,41.13,0.983,0,102.19,5,5,1,41.003499999999995,2.0351311232063334,40.43079
2026-01-03 05:40:00,CELL_115,5G,n77,-93.48,-11.81,20.85,-80.91,42.35,0.905,4,161.88,5,5,1,40.73649999999999,1.9382151029748282,38.326750000000004
2026-01-03 05:45:00,CELL_123,5G,n41,-81.51,-8.78,10.6,-60.98,23.57,0.903,0,151.48,5,5,1,43.805499999999995,2.031896551724138,21.28371
2026-01-03 05:50:00,CELL_124,LTE,B66,-119.39,-3.92,13.24,-97.5,5.0,0.149,0,55.13,5,5,1,28.7665,0.35112359550561795,0.745
2026-01-03 05:55:00,CELL_103,LTE,B2,-119.66,-12.06,15.1,-95.22,25.77,0.595,1,63.7,5,5,1,27.168,1.6006211180124221,15.33315
2026-01-03 06:00:00,CELL_102,5G,n41,-90.44,-12.26,16.88,-75.12,32.08,0.896,4,152.61,6,5,1,40.801,1.7941834451901566,28.743679999999998
2026-01-03 06:05:00,CELL_101,LTE,B2,-94.09,-10.64,12.07,-71.46,42.96,0.81,0,82.45,6,5,1,38.1205,3.2869166029074215,34.7976
2026-01-03 06:10:00,CELL_119,LTE,B4,-91.79,-8.04,12.16,-66.98,67.26,0.665,1,74.93,6,5,1,39.832499999999996,5.1109422492401215,44.727900000000005
2026-01-03 06:15:00,CELL_127,5G,n41,-100.01,-12.7,22.66,-90.22,41.74,0.36,0,150.32,6,5,1,38.1185,1.7641589180050719,15.0264
2026-01-03 06:20:00,CELL_100,5G,n77,-85.36,-12.89,21.47,-64.3,34.22,0.964,2,166.53,6,5,1,44.3065,1.522919448153093,32.98808
2026-01-03 06:25:00,CELL_104,LTE,B66,-81.88,-7.83,16.34,-59.08,41.51,1.129,0,101.8,6,5,1,45.5985,2.3938869665513263,46.86479
2026-01-03 06:30:00,CELL_114,5G,n77,-87.71,-9.86,25.03,-71.0,49.56,0.486,1,180.36,6,5,1,45.0745,1.9039569727237802,24.08616
2026-01-03 06:35:00,CELL_111,LTE,B2,-97.39,-17.13,10.29,-85.44,33.15,1.709,1,95.78,6,5,1,34.479,2.9362267493356953,56.65335
2026-01-03 06:40:00,CELL_103,5G,n77,-121.4,-14.68,24.36,-98.69,30.9,2.422,1,120.55,6,5,1,28.507999999999996,1.2184542586750788,74.8398
2026-01-03 06:45:00,CELL_118,LTE,B12,-84.0,-6.5,16.8,-72.0,25.66,0.772,1,108.7,6,5,1,45.114999999999995,1.4415730337078652,19.80952
2026-01-03 06:50:00,CELL_127,5G,n77,-78.12,-9.79,35.9,-61.01,54.28,0.324,1,205.21,6,5,1,52.668499999999995,1.4710027100271004,17.58672
2026-01-03 06:55:00,CELL_106,LTE,B12,-85.62,-13.29,4.65,-67.82,47.89,0.192,0,68.67,6,5,1,39.043499999999995,8.476106194690265,9.19488
2026-01-03 07:00:00,CELL_100,LTE,B4,-105.44,-11.51,8.17,-83.86,31.39,0.555,0,71.44,7,5,1,31.625500000000002,3.4231188658669573,17.42145
2026-01-03 07:05:00,CELL_106,5G,n77,-85.24,-10.96,15.93,-70.37,31.28,0.72,1,163.49,7,5,1,43.181,1.8476077968103959,22.5216
2026-01-03 07:10:00,CELL_105,LTE,B2,-82.81,-8.79,15.78,-68.24,49.64,0.179,0,98.01,7,5,1,44.772,2.9582836710369484,8.88556
2026-01-03 07:15:00,CELL_113,LTE,B12,-73.74,-15.07,26.65,-55.24,38.24,0.538,0,151.89,7,5,1,50.5445,1.3830018083182642,20.573120000000003
2026-01-03 07:20:00,CELL_103,LTE,B12,-105.39,-13.52,8.32,-82.36,33.98,1.637,0,56.14,7,5,1,31.1905,3.6459227467811153,55.62526
2026-01-03 07:25:00,CELL_110,5G,n77,-96.94,-10.18,19.33,-67.51,23.19,0.818,0,142.59,7,5,1,39.131,1.1406787998032466,18.96942
2026-01-03 07:30:00,CELL_103,5G,n41,-84.29,-11.3,21.14,-73.82,38.08,0.421,1,173.34,7,5,1,45.0865,1.7199638663053296,16.031679999999998
2026-01-03 07:35:00,CELL_120,5G,n77,-93.25,-9.28,17.93,-73.68,27.63,0.741,0,157.65,7,5,1,40.5965,1.4595879556259905,20.47383
2026-01-03 07:40:00,CELL_114,LTE,B12,-108.53,-14.69,6.27,-95.96,35.19,2.523,1,51.99,7,5,1,28.869999999999997,4.8404401650618984,88.78437
2026-01-03 07:45:00,CELL_102,LTE,B12,-88.61,-9.93,22.85,-65.52,21.96,0.709,2,125.34,7,5,1,43.998000000000005,0.9207547169811321,15.56964
2026-01-03 07:50:00,CELL_101,LTE,B2,-86.48,-7.73,21.61,-73.17,43.16,0.615,1,107.69,7,5,1,45.134499999999996,1.9088898717381688,26.5434
2026-01-03 07:55:00,CELL_114,LTE,B2,-92.86,-9.54,17.2,-78.23,39.28,1.318,2,81.64,7,5,1,40.488,2.1582417582417586,51.771040000000006
2026-01-03 08:00:00,CELL_117,5G,n41,-91.15,-10.58,14.43,-76.09,28.18,0.976,1,147.07,8,5,1,40.1665,1.8263123784834738,27.50368
2026-01-03 08:05:00,CELL_105,5G,n41,,-11.29,14.58,-79.74,35.98,0.822,2,139.06,8,5,1,,2.309370988446726,29.575559999999996
2026-01-03 08:10:00,CELL_109,5G,n41,-74.78,-13.5,12.45,-55.17,44.22,1.008,3,160.28,8,5,1,46.209,3.287732342007435,44.57376
2026-01-03 08:15:00,CELL_118,LTE,B66,-105.71,-11.22,17.49,-85.29,52.52,2.008,2,65.03,8,5,1,34.3725,2.8404542996214173,105.46016
2026-01-03 08:20:00,CELL_114,5G,n41,-101.64,-7.22,13.22,-83.66,41.29,1.552,2,118.95,8,5,1,35.923,2.9036568213783402,64.08208
2026-01-03 08:25:00,CELL_103,LTE,B66,-93.86,-11.36,7.06,-82.51,38.39,0.574,1,82.67,8,5,1,36.541000000000004,4.763027295285361,22.03586
2026-01-03 08:30:00,CELL_111,LTE,B66,-82.57,-13.67,5.66,-60.93,33.5,2.42,2,65.57,8,5,1,40.624,5.03003003003003,81.07
2026-01-03 08:35:00,CELL_105,LTE,B4,-113.47,-12.48,7.74,-95.73,26.34,0.449,0,82.92,8,5,1,27.640500000000003,3.0137299771167045,11.82666
2026-01-03 08:40:00,CELL_127,LTE,B12,-111.03,-10.4,14.55,-87.23,33.1,0.818,0,75.17,8,5,1,31.3015,2.1286173633440515,27.0758
2026-01-03 08:45:00,CELL_124,LTE,B12,-120.49,-12.12,12.81,-106.03,42.29,0.906,1,29.93,8,5,1,26.0925,3.062273714699493,38.31474
2026-01-03 08:50:00,CELL_109,LTE,B2,-93.57,-9.54,14.51,-83.59,30.21,0.547,3,88.93,8,5,1,39.36150000000001,1.9477756286266925,16.524870000000004
2026-01-03 08:55:00,CELL_107,LTE,B12,-108.54,-9.43,16.51,-90.71,43.44,2.221,1,69.31,8,5,1,33.2525,2.4808680753854935,96.48024
2026-01-03 09:00:00,CELL_104,5G,n41,-99.0,-8.33,8.61,-74.52,18.52,0.52,1,126.46,9,5,1,35.4505,1.9271592091571281,9.6304
2026-01-03 09:05:00,CELL_122,LTE,B2,-85.4,-6.73,23.26,-66.6,17.09,0.657,1,106.72,9,5,1,46.3655,0.7044517724649628,11.22813
2026-01-03 09:10:00,CELL_127,LTE,B66,-102.34,-8.01,11.13,-85.34,54.29,1.74,0,44.39,9,5,1,34.7835,4.475680131904369,94.4646
2026-01-03 09:15:00,CELL_108,5G,n77,-90.99,-13.8,9.97,-77.35,25.88,0.466,2,146.2,9,5,1,38.0955,2.3591613491340016,12.060080000000001
2026-01-03 09:20:00,CELL_119,5G,n41,-97.89,-13.71,16.38,-71.1,20.44,0.169,1,128.41,9,5,1,36.93599999999999,1.1760644418872268,3.4543600000000003
2026-01-03 09:25:00,CELL_107,LTE,B2,-85.26,-11.23,0.14,-72.41,25.59,0.84,0,56.19,9,5,1,38.3675,22.44736842105263,21.4956
2026-01-03 09:30:00,CELL_127,LTE,B12,-87.82,-12.35,7.47,-73.45,48.35,0.243,1,83.69,9,5,1,39.1345,5.708382526564345,11.74905
2026-01-03 09:35:00,CELL_108,5G,n41,-103.0,-14.41,19.87,-82.14,53.62,0.211,1,133.09,9,5,1,35.508500000000005,2.569238140872065,11.31382
2026-01-03 09:40:00,CELL_102,LTE,B66,-96.19,-12.33,0.84,-87.47,35.95,0.036,1,49.96,9,5,1,33.384,19.53804347826087,1.2942
2026-01-03 09:45:00,CELL_126,LTE,B66,-80.43,-12.42,20.82,-56.06,38.77,0.047,1,114.38,9,5,1,46.44749999999999,1.7768102658111826,1.8221900000000002
2026-01-03 09:50:00,,5G,n41,-88.89,-13.02,23.58,-67.77,49.07,0.055,1,147.67,9,5,1,43.3185,1.996338486574451,2.69885
2026-01-03 10:00:00,CELL_127,5G,n41,-85.48,-7.46,15.04,-64.69,62.5,0.054,0,138.48,10,5,1,43.681,3.896508728179551,3.375
2026-01-03 10:05:00,CELL_107,5G,n77,-108.1,-10.4,20.83,-90.91,69.66,0.236,0,119.4,10,5,1,34.504000000000005,3.1910215300045808,16.43976
2026-01-03 10:10:00,CELL_108,5G,n77,-75.64,-3.58,9.73,-62.95,5.0,0.668,0,175.42,10,5,1,47.486000000000004,0.4659832246039142,3.3400000000000003
2026-01-03 10:15:00,CELL_116,LTE,B12,-80.69,-10.49,19.07,-63.39,40.54,1.27,1,106.12,10,5,1,46.288,2.0199302441454905,51.4858
2026-01-03 10:20:00,CELL_118,LTE,B4,-90.23,-11.87,8.3,-77.11,31.22,1.381,0,70.37,10,5,1,38.419,3.3569892473118275,43.11482
2026-01-03 10:25:00,CELL_111,LTE,B2,-91.96,-10.99,9.66,-71.53,38.03,0.324,1,56.31,10,5,1,38.268499999999996,3.5675422138836774,12.321720000000001
2026-01-03 10:30:00,CELL_123,LTE,B12,-96.72,-10.23,7.4,-74.68,35.72,0.805,0,73.7,10,5,1,35.6385,4.252380952380952,28.7546
2026-01-03 10:35:00,CELL_123,5G,n77,-85.18,-9.69,15.4,-59.8,45.18,0.649,1,152.64,10,5,1,43.366499999999995,2.754878048780488,29.321820000000002
2026-01-03 10:40:00,CELL_103,LTE,B12,-98.82,-4.77,21.11,-78.96,40.31,0.763,0,87.31,10,5,1,40.1715,1.8231569425599279,30.75653
2026-01-03 10:45:00,CELL_129,LTE,B2,-90.94,-13.54,11.71,-68.31,28.34,0.86,1,74.71,10,5,1,38.705,2.229740361919748,24.3724
2026-01-03 10:50:00,CELL_104,5G,n41,-82.66,-8.42,4.1,-66.15,30.42,1.076,0,137.3,10,5,1,41.428,5.964705882352942,32.73192
2026-01-03 10:55:00,CELL_115,5G,n77,-101.3,-10.38,5.42,-85.69,40.72,0.413,0,119.64,10,5,1,32.946,6.342679127725857,16.817359999999997
2026-01-03 11:00:00,CELL_112,LTE,B12,-102.01,-15.71,15.76,-81.64,24.24,0.524,0,87.15,11,5,1,34.396,1.4463007159904535,12.70176
2026-01-03 11:05:00,CELL_113,5G,B12,-109.53,-8.69,25.91,-93.46,17.31,3.708,1,101.35,11,5,1,35.812,0.6432552954292085,64.18548
2026-01-03 11:10:00,CELL_103,5G,n77,-107.84,-7.2,15.76,-88.49,62.89,0.44,0,125.76,11,5,1,33.9,3.752386634844869,27.6716
2026-01-03 11:15:00,CELL_110,5G,n41,-117.77,-13.57,10.29,-105.08,23.36,0.818,0,105.77,11,5,1,26.198,2.0690876882196636,19.108479999999997
2026-01-03 11:20:00,CELL_100,5G,n41,,-11.03,18.36,-70.92,30.94,0.655,1,173.63,11,5,1,,1.5981404958677687,20.265700000000002
2026-01-03 11:25:00,CELL_129,5G,n41,-70.48,-16.18,11.32,-49.31,27.03,0.789,1,170.45,11,5,1,47.135,2.1939935064935066,21.326670000000004
2026-01-03 11:30:00,CELL_104,5G,n77,-75.47,-14.78,10.35,-53.04,41.22,1.777,1,150.54,11,5,1,44.94850000000001,3.631718061674009,73.24794
2026-01-03 11:35:00,CELL_114,LTE,B2,-115.14,-7.86,6.29,-102.07,68.59,0.619,0,44.8,11,5,1,27.609,9.40877914951989,42.45721
2026-01-03 11:40:00,CELL_106,LTE,B4,-84.58,-12.4,22.86,-63.22,50.7,0.2,1,102.42,11,5,1,45.196999999999996,2.1248952221290867,10.14
2026-01-03 11:45:00,CELL_105,LTE,B12,-75.51,-14.33,-4.77,-60.18,19.22,0.405,1,79.83,11,5,1,40.507,3.3310225303292893,7.7841000000000005
2026-01-03 11:50:00,CELL_111,5G,n77,-99.94,-10.31,18.59,-81.86,12.24,0.62,1,166.72,11,5,1,37.5265,0.6248085758039816,7.5888
2026-01-03 11:55:00,CELL_129,5G,n77,-92.68,-12.57,9.75,-67.6,27.02,0.885,1,139.82,11,5,1,37.576499999999996,2.5134883720930232,23.9127
2026-01-03 12:00:00,CELL_114,LTE,B4,-120.1,-12.41,10.13,-98.07,37.98,0.326,2,36.96,12,5,1,25.3915,3.4123989218328834,12.38148
2026-01-03 12:05:00,CELL_128,LTE,B4,,-8.78,24.85,-68.55,16.17,0.367,2,100.68,12,5,1,,0.625531914893617,5.9343900000000005
2026-01-03 12:10:00,CELL_124,LTE,B12,-107.83,-14.49,8.0,-80.28,54.29,0.915,0,19.94,12,5,1,29.754000000000005,6.032222222222222,49.67535
2026-01-03 12:15:00,CELL_113,5G,n77,-91.4,-13.72,8.24,-76.92,16.71,0.943,1,163.6,12,5,1,37.412,1.8084415584415585,15.75753
2026-01-03 12:20:00,CELL_127,LTE,B2,-114.3,-10.54,12.09,-101.23,64.4,1.581,0,43.02,12,5,1,29.057000000000002,4.919786096256685,101.8164
2026-01-03 12:25:00,CELL_110,LTE,B2,-86.94,-8.09,15.9,-72.55,69.31,0.399,1,79.52,12,5,1,43.1245,4.101183431952663,27.654690000000002
2026-01-03 12:30:00,CELL_115,LTE,B4,-80.68,-7.29,9.91,-63.95,38.28,1.169,1,95.62,12,5,1,44.3445,3.5087076076993586,44.749320000000004
2026-01-03 12:35:00,CELL_120,LTE,B2,-104.18,-13.0,1.98,-97.95,48.58,0.656,0,31.83,12,5,1,29.962999999999994,16.302013422818792,31.86848
2026-01-03 12:40:00,CELL_117,LTE,B66,-108.78,-8.19,6.94,-91.82,23.52,0.463,1,53.16,12,5,1,30.5835,2.9622166246851385,10.88976
2026-01-03 12:45:00,CELL_124,LTE,B4,-122.03,-13.35,21.97,-106.75,51.36,0.677,1,46.72,12,5,1,27.839999999999996,2.2359599477579453,34.770720000000004
2026-01-03 12:50:00,CELL_104,LTE,B12,-97.46,-5.52,13.52,-75.54,34.53,0.769,1,63.07,12,5,1,38.319,2.378099173553719,26.55357
2026-01-03 12:55:00,CELL_114,LTE,B2,-101.56,-14.4,16.16,-81.8,25.69,0.173,1,61.57,12,5,1,35.04599999999999,1.4970862470862472,4.44437
2026-01-03 13:00:00,CELL_119,LTE,B4,-114.16,-7.01,11.17,-99.17,37.66,0.192,0,36.85,13,5,1,29.7265,3.094494658997535,7.23072
2026-01-03 13:05:00,CELL_109,LTE,B66,-88.11,-12.97,8.38,-67.16,35.01,1.307,0,92.91,13,5,1,39.122,3.7324093816631123,45.75807
2026-01-03 13:10:00,CELL_126,LTE,B12,-99.85,-4.96,24.74,-78.23,37.12,0.511,0,90.57,13,5,1,40.7495,1.442113442113442,18.96832
2026-01-03 13:15:00,CELL_109,5G,n41,-107.98,-9.23,11.68,-93.83,47.25,0.891,1,117.4,13,5,1,32.1055,3.7263406940063093,42.09975
2026-01-03 13:20:00,CELL_109,LTE,B12,-101.21,-14.05,9.9,-85.67,30.22,1.275,0,79.81,13,5,1,33.413000000000004,2.7724770642201833,38.530499999999996
2026-01-03 13:25:00,CELL_109,LTE,B12,-80.07,-12.57,20.67,-73.2,68.03,0.68,1,105.1,13,5,1,46.527,3.1393631748961695,46.260400000000004
2026-01-03 13:30:00,CELL_120,LTE,B2,-86.16,,7.94,-73.62,22.12,1.187,0,84.81,13,5,1,,2.474272930648769,26.25644
2026-01-03 13:35:00,CELL_103,LTE,B66,-95.69,-7.84,8.84,-81.4,66.23,0.773,0,62.63,13,5,1,37.1315,6.73069105691057,51.19579
2026-01-03 13:40:00,CELL_104,LTE,B66,-85.95,-11.21,13.07,-67.58,26.75,0.807,0,94.49,13,5,1,41.940999999999995,1.9012082444918266,21.58725
2026-01-03 13:45:00,CELL_123,LTE,B12,-109.09,-10.87,13.0,-95.82,41.98,1.894,2,66.9,13,5,1,31.592,2.998571428571428,79.51011999999999
2026-01-03 13:50:00,,5G,n77,-93.58,-8.72,14.82,-78.15,25.65,0.612,1,170.05,13,5,1,39.655,1.6213653603034133,15.697799999999999
2026-01-03 13:55:00,CELL_103,LTE,B4,-92.08,-10.6,27.64,-80.21,36.84,1.319,1,130.5,13,5,1,43.706,1.2863128491620113,48.59196
2026-01-03 14:00:00,CELL_107,LTE,B12,-100.11,-14.88,15.35,-81.25,54.02,0.133,0,51.4,14,5,1,35.3355,3.3039755351681954,7.184660000000001
2026-01-03 14:05:00,CELL_111,LTE,B66,-88.34,-13.44,-3.65,-68.21,64.5,0.863,0,39.77,14,5,1,35.292,13.870967741935482,55.6635
2026-01-03 14:10:00,,LTE,B12,-104.15,-10.29,15.28,-84.13,59.86,2.28,0,58.05,14,5,1,34.64399999999999,3.6769041769041766,136.4808
2026-01-03 14:15:00,CELL_125,LTE,B2,-87.37,-7.35,13.27,-69.31,35.93,3.906,1,81.76,14,5,1,42.327,2.5178696566222847,140.34258
2026-01-03 14:20:00,CELL_103,5G,n41,-86.83,-6.15,13.3,-76.53,35.76,0.144,0,132.73,14,5,1,42.879000000000005,2.5006993006993006,5.149439999999999
2026-01-03 14:25:00,CELL_112,5G,n77,-131.92,,14.72,-117.02,21.27,0.508,0,78.82,14,5,1,,1.3530534351145038,10.80516
2026-01-03 14:30:00,CELL_106,LTE,B4,-78.53,-10.14,12.8,-62.56,27.13,0.25,5,118.36,14,5,1,45.466499999999996,1.9659420289855072,6.7825
2026-01-03 14:35:00,CELL_108,LTE,B12,-133.62,-8.75,12.63,-117.64,24.81,0.636,0,29.2,14,5,1,20.972499999999997,1.8202494497432133,15.77916
2026-01-03 14:40:00,CELL_101,LTE,B12,-102.01,-13.0,17.29,-83.63,35.44,1.5,0,61.57,14,5,1,35.5325,1.9376708583925641,53.16
2026-01-03 14:45:00,CELL_128,LTE,B4,-80.67,-11.46,9.21,-55.54,45.74,1.947,0,71.34,14,5,1,43.0965,4.479921645445641,89.05578000000001
2026-01-03 14:50:00,CELL_128,5G,n77,-98.12,-13.47,6.37,-76.06,5.0,1.997,1,129.8,14,5,1,33.8895,0.6784260515603799,9.985000000000001
2026-01-03 14:55:00,CELL_103,LTE,B66,-113.06,-14.75,34.17,-100.0,41.3,0.126,0,94.75,14,5,1,35.1865,1.1742962752345747,5.203799999999999
2026-01-03 15:00:00,CELL_105,LTE,B12,-108.22,-10.0,7.99,-86.83,64.74,0.753,1,44.17,15,5,1,30.698,7.201334816462736,48.749219999999994
2026-01-03 15:05:00,CELL_126,5G,n77,-80.65,-10.44,13.7,-59.45,49.83,0.39,0,143.69,15,5,1,44.7075,3.389795918367347,19.4337
2026-01-03 15:10:00,CELL_112,LTE,B12,-118.98,-8.94,2.53,-105.01,33.22,0.601,0,10.18,15,5,1,24.482999999999997,9.410764872521247,19.96522
2026-01-03 15:15:00,CELL_101,LTE,B12,-79.32,-9.36,13.82,-57.08,21.05,0.452,1,129.53,15,5,1,45.61200000000001,1.4203778677462888,9.5146
2026-01-03 15:20:00,CELL_104,5G,n77,-94.72,-10.27,6.47,-77.52,39.9,0.135,0,131.53,15,5,1,36.2495,5.341365461847389,5.3865
2026-01-03 15:25:00,CELL_112,LTE,B12,-109.5,-9.33,9.9,-98.55,7.24,1.962,0,59.22,15,5,1,30.862499999999997,0.6642201834862386,14.204880000000001
2026-01-03 15:30:00,CELL_116,LTE,B2,-101.58,-11.13,20.32,-81.3,58.65,0.329,1,74.63,15,5,1,37.102500000000006,2.7509380863039397,19.29585
2026-01-03 15:35:00,CELL_118,LTE,B66,-107.22,-9.76,16.3,-88.14,38.8,0.398,0,92.2,15,5,1,33.701,2.242774566473988,15.4424
2026-01-03 15:40:00,CELL_104,5G,n77,-82.74,-13.18,16.98,-65.88,60.47,2.291,2,148.65,15,5,1,44.066,3.3631813125695214,138.53677
2026-01-03 15:45:00,CELL_111,LTE,B2,-84.48,-9.89,0.6,-66.67,16.1,0.103,0,97.18,15,5,1,39.1915,10.0625,1.6583
2026-01-03 15:50:00,CELL_107,LTE,B2,-116.35,-8.99,25.86,-101.94,55.77,1.063,0,64.77,15,5,1,32.653000000000006,2.0763216679076697,59.28351
2026-01-03 15:55:00,CELL_116,LTE,B2,-99.25,-13.01,4.66,-78.2,40.49,1.673,1,52.4,15,5,1,32.983,7.1537102473498235,67.73977000000001
2026-01-03 16:00:00,CELL_109,LTE,B66,-105.22,-10.84,23.7,-87.44,37.03,2.152,2,85.7,16,5,1,36.551,1.4991902834008097,79.68856000000001
2026-01-03 16:05:00,CELL_106,5G,n41,-77.18,-12.87,20.15,-58.35,12.45,1.001,0,179.58,16,5,1,47.59649999999999,0.5886524822695035,12.462449999999999
2026-01-03 16:10:00,CELL_124,LTE,B4,-111.55,-12.58,17.04,-91.77,50.94,1.339,3,53.79,16,5,1,31.2695,2.8237250554323725,68.20866
2026-01-03 16:15:00,CELL_117,LTE,B12,-73.15,-14.37,7.02,-60.92,52.14,1.672,3,76.49,16,5,1,45.096000000000004,6.501246882793017,87.17808
2026-01-03 16:20:00,CELL_114,5G,n77,-94.43,-7.2,14.06,-80.9,59.78,0.646,1,135.07,16,5,1,39.424499999999995,3.9694555112881806,38.61788
2026-01-03 16:25:00,CELL_104,5G,n77,-109.11,-7.8,9.7,-102.15,48.12,0.278,2,90.47,16,5,1,31.360500000000002,4.497196261682243,13.377360000000001
2026-01-03 16:30:00,CELL_102,LTE,B2,-102.8,-9.39,13.2,-81.98,33.09,2.424,0,72.8,16,5,1,34.852500000000006,2.3302816901408456,80.21016
2026-01-03 16:35:00,CELL_123,5G,n41,-104.42,-5.08,11.25,-92.48,17.94,1.223,0,130.99,16,5,1,34.616,1.4644897959183674,21.940620000000003
2026-01-03 16:40:00,CELL_129,5G,n77,,-11.57,-1.27,-91.91,12.47,0.753,2,91.37,16,5,1,,5.493392070484582,9.38991
2026-01-03 16:45:00,CELL_117,LTE,B66,-92.77,-1.9,20.85,-72.91,64.1,0.146,0,99.77,16,5,1,43.533500000000004,2.9336384439359264,9.3586
2026-01-03 16:50:00,CELL_101,5G,n77,-109.96,-11.68,12.43,-88.95,21.33,1.045,1,115.59,16,5,1,30.827,1.588235294117647,22.289849999999998
2026-01-03 16:55:00,CELL_114,5G,n77,,-10.23,9.61,-110.36,55.2,0.019,0,82.18,16,5,1,,5.202639019792649,1.0488
2026-01-03 17:00:00,CELL_108,LTE,B2,-98.94,-12.19,9.08,-81.26,49.88,0.745,0,70.7,17,5,1,34.6535,4.948412698412699,37.1606
2026-01-03 17:05:00,CELL_101,5G,n41,-117.44,-9.88,15.51,-91.09,37.95,0.347,0,121.83,17,5,1,28.835,2.298606904906118,13.16865
2026-01-03 17:10:00,CELL_104,LTE,B66,-103.78,-8.49,6.74,-77.21,37.4,0.451,0,53.42,17,5,1,32.698499999999996,4.832041343669251,16.8674
2026-01-03 17:15:00,CELL_114,5G,n41,-105.82,-11.34,-2.79,-82.88,42.91,2.014,1,72.38,17,5,1,28.209000000000003,11.321899736147756,86.42073999999998
2026-01-03 17:20:00,CELL_112,5G,n77,-105.33,-5.67,15.85,-85.64,32.77,0.351,1,130.01,17,5,1,35.439,1.944807121661721,11.502270000000001
2026-01-03 17:25:00,CELL_116,LTE,B2,-67.99,-10.28,16.63,-55.01,36.46,0.78,0,120.65,17,5,1,51.3235,2.0680657969370393,28.4388
2026-01-03 17:30:00,,5G,n41,-93.27,-10.19,11.6,-71.67,43.44,0.353,0,155.18,17,5,1,38.461,3.4476190476190474,15.334319999999998
2026-01-03 17:35:00,CELL_107,LTE,B2,-90.81,-13.73,4.96,-73.6,39.84,0.962,0,73.39,17,5,1,36.691,6.684563758389262,38.326080000000005
2026-01-03 17:40:00,CELL_108,5G,n41,-117.09,-9.74,13.62,-96.29,21.02,0.846,0,115.98,17,5,1,28.460499999999996,1.4377564979480164,17.78292
2026-01-03 17:45:00,CELL_120,5G,n77,-102.5,-11.4,2.75,-87.67,42.0,0.745,1,91.39,17,5,1,31.349999999999998,11.2,31.29
2026-01-03 17:50:00,CELL_105,LTE,B12,-91.2,-12.82,5.81,-74.07,41.04,1.677,1,73.69,17,5,1,36.998000000000005,6.026431718061675,68.82408
2026-01-03 17:55:00,CELL_102,LTE,B66,-107.32,-13.33,7.75,-88.5,49.33,0.103,0,46.29,17,5,1,30.198500000000003,5.637714285714286,5.08099
2026-01-03 18:00:00,CELL_125,LTE,B2,-82.2,-2.98,18.91,-62.96,35.19,0.065,0,109.29,18,5,1,47.438,1.7674535409342038,2.28735
2026-01-03 18:05:00,CELL_106,LTE,B4,-109.64,,10.46,-89.17,23.86,0.185,1,73.95,18,5,1,,2.082024432809773,4.4140999999999995
2026-01-03 18:10:00,CELL_103,LTE,B12,-97.72,-15.37,9.86,-82.62,68.03,0.85,1,62.15,18,5,1,34.6415,6.264272559852671,57.8255
2026-01-03 18:15:00,CELL_122,LTE,B12,-101.62,-13.09,26.68,-90.34,65.2,1.111,1,57.35,18,5,1,38.5025,2.355491329479769,72.4372
2026-01-03 18:20:00,CELL_115,LTE,B4,-91.86,-11.15,15.47,-65.74,55.26,1.098,0,81.15,18,5,1,40.0165,3.3551912568306013,60.67548
2026-01-03 18:25:00,,LTE,B2,-102.33,-9.36,15.37,-71.88,36.18,0.521,0,81.24,18,5,1,35.722500000000004,2.2101405009163106,18.84978
2026-01-03 18:30:00,CELL_125,5G,n41,-97.52,-9.34,10.41,-77.28,28.5,2.473,0,119.81,18,5,1,36.404,2.497808939526731,70.48049999999999
2026-01-03 18:35:00,CELL_107,5G,n41,-97.07,-8.97,8.83,-85.69,53.73,1.03,0,119.99,18,5,1,36.225,5.465920651068158,55.341899999999995
2026-01-03 18:40:00,CELL_120,5G,n77,-103.55,-12.93,-2.3,-89.41,27.69,2.256,1,66.99,18,5,1,28.98,8.390909090909092,62.46863999999999
2026-01-03 18:45:00,CELL_119,LTE,B66,-87.69,-9.98,19.78,-67.15,32.51,1.936,1,67.16,18,5,1,43.4785,1.564485081809432,62.93935999999999
2026-01-03 18:50:00,CELL_124,5G,n41,-90.9,-13.63,16.14,-66.2,61.08,0.522,0,129.6,18,5,1,40.0295,3.5635939323220533,31.88376
2026-01-03 18:55:00,CELL_121,5G,n41,-95.15,-12.86,11.75,-83.22,32.28,1.506,1,134.91,18,5,1,36.9925,2.531764705882353,48.61368
2026-01-03 19:00:00,CELL_121,LTE,B12,-99.6,-13.75,12.04,-82.22,68.53,0.52,0,24.14,19,5,1,34.8545,5.25536809815951,35.635600000000004
2026-01-03 19:05:00,CELL_101,LTE,B2,-83.64,-14.57,18.15,-64.67,21.02,2.712,0,95.65,19,5,1,43.664500000000004,1.0976501305483028,57.006240000000005
2026-01-03 19:10:00,CELL_128,5G,n41,-97.07,-7.81,2.12,-74.74,40.77,0.572,0,88.73,19,5,1,34.502,13.067307692307693,23.32044
2026-01-03 19:15:00,CELL_103,LTE,B66,-97.99,-8.93,8.87,-81.71,73.07,1.157,0,50.23,19,5,1,35.833000000000006,7.403242147922999,84.54199
2026-01-03 19:20:00,CELL_107,LTE,B4,-92.64,-8.07,5.05,-82.46,42.45,3.104,1,76.76,19,5,1,37.3095,7.016528925619835,131.7648
2026-01-03 19:25:00,CELL_113,5G,n77,-71.94,-10.88,25.4,-50.84,29.04,1.2,1,191.87,19,5,1,52.027,1.1,34.848
2026-01-03 19:30:00,CELL_108,LTE,B4,-111.42,-8.67,19.13,-87.8,24.48,0.467,1,77.45,19,5,1,32.9325,1.2160953800298064,11.432160000000001
2026-01-03 19:35:00,CELL_117,LTE,B4,-83.99,-16.28,-2.42,-66.4,58.24,0.158,2,66.22,19,5,1,36.908500000000004,17.029239766081872,9.201920000000001
2026-01-03 19:40:00,CELL_101,5G,n41,-118.61,-8.41,2.4,-98.59,21.45,0.105,0,94.13,19,5,1,24.743,6.3088235294117645,2.2522499999999996
2026-01-03 19:45:00,CELL_113,5G,n77,-91.18,-10.47,12.07,-75.55,31.58,1.093,2,135.64,19,5,1,39.4725,2.416220351951033,34.51694
2026-01-03 19:50:00,CELL_110,LTE,B2,-73.52,-9.12,9.69,-59.75,23.48,0.676,1,120.54,19,5,1,47.043,2.19644527595884,15.872480000000001
2026-01-03 19:55:00,CELL_119,5G,n77,-87.65,-9.86,3.73,-64.52,56.35,0.19,1,127.22,19,5,1,38.711499999999994,11.913319238900634,10.7065
2026-01-03 20:00:00,CELL_115,5G,n41,-91.78,-13.96,26.61,-71.84,50.32,1.375,1,163.86,20,5,1,42.69200000000001,1.8225280695400219,69.19
2026-01-03 20:05:00,CELL_122,LTE,B12,-101.29,-15.49,15.19,-80.83,41.53,1.359,0,72.48,20,5,1,34.604,2.5651636812847443,56.43927
2026-01-03 20:10:00,CELL_104,5G,n77,-93.6,,16.32,-68.09,15.69,0.665,0,152.23,20,5,1,,0.9058891454965358,10.43385
2026-01-03 20:15:00,CELL_128,LTE,B4,-97.28,-9.31,8.16,-84.55,65.04,2.333,0,60.86,20,5,1,35.8445,7.100436681222708,151.73832000000002
2026-01-03 20:20:00,CELL_111,LTE,B4,-104.22,-8.93,18.06,-88.98,36.51,0.076,1,79.15,20,5,1,35.786500000000004,1.915529905561385,2.7747599999999997
2026-01-03 20:25:00,CELL_110,5G,n41,-97.77,-15.1,10.34,-78.98,16.42,0.486,1,151.77,20,5,1,34.8305,1.4479717813051147,7.98012
2026-01-03 20:30:00,CELL_116,LTE,B4,-91.42,-13.94,11.02,-76.24,15.57,1.195,0,77.9,20,5,1,38.182,1.295341098169717,18.606150000000003
2026-01-03 20:35:00,CELL_104,5G,n77,-103.97,-13.17,17.28,-82.06,23.31,0.22,0,160.69,20,5,1,34.605,1.2751641137855578,5.1282
2026-01-03 20:40:00,CELL_124,5G,n77,-104.48,-12.07,1.6,-87.42,11.18,1.49,0,114.03,20,5,1,29.946499999999997,4.3,16.6582
2026-01-03 20:45:00,CELL_107,LTE,B4,-111.68,-15.09,24.18,-98.65,32.66,1.861,0,68.49,20,5,1,32.7255,1.2970611596505162,60.78025999999999
2026-01-03 20:50:00,CELL_127,5G,n77,-88.92,-15.27,14.28,-70.59,44.17,0.008,0,155.96,20,5,1,39.9525,2.8907068062827226,0.35336
2026-01-03 20:55:00,CELL_104,LTE,B66,-86.91,-13.47,21.97,-68.06,36.37,2.394,0,96.77,20,5,1,43.614000000000004,1.5833696125380932,87.06978
2026-01-03 21:00:00,CELL_125,5G,n77,-90.99,-10.74,5.47,-68.32,38.34,1.134,0,125.56,21,5,1,37.5105,5.925811437403401,43.47756
2026-01-03 21:05:00,CELL_111,LTE,B66,-81.45,-14.54,6.54,-61.49,31.15,0.428,1,84.32,21,5,1,41.174499999999995,4.13129973474801,13.332199999999998
2026-01-03 21:10:00,CELL_118,5G,n41,-92.86,-11.35,4.87,-72.55,33.98,0.119,1,125.08,21,5,1,36.3365,5.788756388415672,4.04362
2026-01-03 21:15:00,CELL_126,LTE,B66,-88.9,-7.82,14.75,-69.3,70.81,1.656,0,87.4,21,5,1,41.964999999999996,4.495873015873016,117.26136
2026-01-03 21:20:00,CELL_103,LTE,B2,-90.05,-14.91,13.46,-72.99,36.77,0.177,0,100.06,21,5,1,39.288000000000004,2.5428769017980635,6.508290000000001
2026-01-03 21:25:00,CELL_110,5G,n77,-95.19,-11.62,9.75,-80.77,38.77,1.132,1,112.99,21,5,1,36.6845,3.606511627906977,43.88764
2026-01-03 21:30:00,CELL_128,5G,n41,-100.9,-7.93,5.9,-81.46,9.52,0.187,0,116.89,21,5,1,33.88249999999999,1.3797101449275362,1.7802399999999998
2026-01-03 21:35:00,CELL_104,LTE,B2,-65.22,-12.25,4.13,-48.88,64.8,0.729,0,96.38,21,5,1,48.3275,12.631578947368421,47.2392
2026-01-03 21:40:00,CELL_103,5G,n41,-99.88,-12.72,12.66,-73.43,25.84,1.597,0,135.22,21,5,1,35.172,1.8916544655929721,41.26648
2026-01-03 21:45:00,CELL_115,5G,n77,-102.66,-7.51,9.74,-77.95,48.76,0.434,0,109.54,21,5,1,34.3475,4.540037243947858,21.161839999999998
2026-01-03 21:50:00,CELL_100,LTE,B12,-88.36,-11.92,8.2,-67.19,40.15,2.382,1,89.49,21,5,1,39.218,4.364130434782609,95.6373
2026-01-03 21:55:00,CELL_129,LTE,B4,-90.73,-7.69,23.83,-70.83,51.17,1.219,0,112.99,21,5,1,43.897999999999996,2.0608135320177206,62.37623000000001
2026-01-03 22:00:00,CELL_127,LTE,B66,-112.26,-9.71,12.42,-94.7,52.07,0.221,0,47.51,22,5,1,30.2815,3.8800298062593144,11.50747
2026-01-03 22:05:00,CELL_105,5G,n77,-79.41,-12.03,21.89,-67.71,26.21,0.134,0,176.9,22,5,1,47.325,1.1450415028396679,3.5121400000000005
2026-01-03 22:10:00,CELL_105,LTE,B4,-95.22,-9.56,9.27,-78.31,58.38,0.305,0,65.57,22,5,1,37.042,5.684518013631938,17.8059
2026-01-03 22:15:00,CELL_123,LTE,B66,-108.44,-10.04,14.71,-89.94,30.62,0.696,0,67.54,22,5,1,32.605000000000004,1.9490770210057289,21.311519999999998
2026-01-03 22:20:00,CELL_115,LTE,B2,-78.55,-7.94,12.61,-59.4,53.67,2.559,0,103.17,22,5,1,45.950500000000005,3.9434239529757535,137.34153
2026-01-03 22:25:00,CELL_124,5G,n41,-85.87,-12.65,1.12,-65.52,27.15,2.941,0,130.05,22,5,1,38.032,12.806603773584904,79.84814999999999
2026-01-03 22:30:00,CELL_129,LTE,B2,-110.44,-10.88,23.0,-87.83,47.24,0.416,1,79.32,22,5,1,33.982,1.9683333333333335,19.65184
2026-01-03 22:35:00,CELL_112,5G,n77,-70.9,-11.18,12.05,-56.36,26.07,0.402,0,183.2,22,5,1,48.41499999999999,1.9977011494252872,10.48014
2026-01-03 22:40:00,CELL_107,LTE,B2,-85.44,-8.89,18.22,-70.85,42.75,1.398,1,109.29,22,5,1,44.295500000000004,2.2242455775234133,59.7645
2026-01-03 22:45:00,CELL_118,5G,n77,-94.13,-14.08,7.74,-68.88,16.88,1.388,2,130.46,22,5,1,35.94350000000001,1.9313501144164757,23.429439999999996
2026-01-03 22:50:00,CELL_119,LTE,B66,-73.33,-7.95,11.85,-51.47,45.71,2.092,0,104.14,22,5,1,48.069,3.5571984435797668,95.62532
2026-01-03 22:55:00,CELL_112,LTE,B12,-91.93,-9.6,6.93,-75.88,42.66,2.136,1,70.26,22,5,1,37.8105,5.379571248423707,91.12176
2026-01-03 23:00:00,CELL_108,5G,n41,-94.37,-14.95,21.65,-76.9,24.9,0.281,0,170.51,23,5,1,39.791,1.099337748344371,6.9969
2026-01-03 23:05:00,CELL_107,5G,n77,-102.58,-7.38,15.18,-85.1,32.17,0.097,1,126.72,23,5,1,36.048,1.9882571075401732,3.12049
2026-01-03 23:10:00,CELL_115,LTE,B2,-86.44,-4.3,15.57,-68.28,44.01,1.234,3,81.07,23,5,1,44.198,2.656004828002414,54.308339999999994
2026-01-03 23:15:00,CELL_112,LTE,B12,-87.8,-7.99,22.51,-67.44,32.75,0.892,1,108.57,23,5,1,44.7455,1.3930242450021266,29.213
2026-01-03 23:20:00,CELL_113,5G,n41,-93.81,-6.72,21.09,-63.13,31.07,0.094,4,146.94,23,5,1,41.9325,1.4065187867813491,2.92058
2026-01-03 23:25:00,CELL_102,5G,n41,-104.27,-10.74,18.36,-85.32,17.92,1.183,0,124.93,23,5,1,35.4015,0.9256198347107439,21.199360000000002
2026-01-03 23:30:00,CELL_126,LTE,B4,-92.31,-15.98,3.05,-71.0,77.19,0.638,1,55.86,23,5,1,34.8805,19.05925925925926,49.24722
2026-01-03 23:35:00,CELL_121,5G,B4,-94.91,-16.53,8.13,-85.34,57.89,1.207,0,66.02,23,5,1,35.097,6.340635268346111,69.87323
2026-01-03 23:40:00,CELL_127,5G,n77,-111.34,-10.23,5.97,-95.76,37.1,0.202,0,88.04,23,5,1,28.630499999999998,5.322812051649929,7.494200000000001
2026-01-03 23:45:00,CELL_124,5G,n41,-113.13,-12.78,18.09,-88.99,50.58,1.283,1,111.16,23,5,1,30.823500000000003,2.649554740701938,64.89414
2026-01-03 23:50:00,CELL_118,5G,n77,-86.65,-13.74,14.19,-66.64,5.0,0.996,0,161.84,23,5,1,41.329499999999996,0.32916392363396973,4.98
2026-01-03 23:55:00,CELL_109,LTE,B12,-127.82,-11.19,3.27,-131.77,5.0,1.365,0,30.78,23,5,1,20.164500000000004,1.1709601873536302,6.825
2026-01-04 00:00:00,CELL_119,LTE,B4,-91.33,-9.15,11.68,-69.96,36.01,0.449,0,74.29,0,6,1,39.618,2.839905362776025,16.16849
2026-01-04 00:05:00,CELL_116,5G,n77,-100.22,-15.36,2.54,-72.62,12.32,0.351,0,105.3,0,6,1,31.323,3.480225988700565,4.32432
2026-01-04 00:10:00,CELL_127,5G,n77,-76.99,,12.63,-68.97,29.45,0.119,0,174.33,0,6,1,,2.160674981658107,3.5045499999999996
2026-01-04 00:15:00,CELL_106,5G,n41,-100.42,-6.47,1.41,-74.82,36.08,0.533,1,87.77,0,6,1,33.1165,14.970954356846471,19.23064
2026-01-04 00:20:00,CELL_100,LTE,B66,-85.43,-14.23,16.7,-81.29,55.81,1.798,0,87.67,0,6,1,42.50899999999999,3.1531073446327684,100.34638000000001
2026-01-04 00:25:00,CELL_103,LTE,B2,-99.16,-8.39,15.65,-76.47,24.93,2.212,0,76.61,0,6,1,37.475500000000004,1.4972972972972973,55.145160000000004
2026-01-04 00:30:00,CELL_105,5G,n41,-92.52,-12.45,26.36,-74.56,38.99,0.179,1,168.36,0,6,1,42.661500000000004,1.4250730994152048,6.97921
2026-01-04 00:35:00,CELL_119,LTE,B66,-84.42,-9.36,18.94,-78.17,42.22,0.696,0,110.98,0,6,1,44.852999999999994,2.1173520561685053,29.385119999999997
2026-01-04 00:40:00,CELL_104,5G,n77,-100.01,-7.71,10.04,-79.78,38.21,2.589,0,134.24,0,6,1,35.58,3.4610507246376816,98.92569
2026-01-04 00:45:00,CELL_104,LTE,B66,-81.04,-8.78,18.73,-57.29,34.2,2.864,1,83.16,0,6,1,46.455999999999996,1.7334009123162697,97.9488
2026-01-04 00:50:00,CELL_111,5G,n41,-106.92,-8.27,3.22,-87.1,53.75,0.511,2,102.6,0,6,1,30.2845,12.736966824644547,27.466250000000002
2026-01-04 00:55:00,CELL_123,5G,n77,-90.17,-14.45,6.26,-69.25,31.45,1.928,1,94.74,0,6,1,37.189,4.3319559228650135,60.6356
2026-01-04 01:00:00,CELL_112,LTE,B4,-82.01,-7.66,15.33,-66.06,68.61,1.671,0,104.21,1,6,1,45.2795,4.201469687691366,114.64731
2026-01-04 01:05:00,CELL_108,LTE,B4,-85.42,-13.56,-2.11,-76.73,30.14,1.56,0,38.47,1,6,1,37.038,9.691318327974278,47.0184
2026-01-04 01:10:00,CELL_108,5G,n77,-69.09,-10.22,12.74,-47.63,44.14,0.073,0,202.3,1,6,1,49.676500000000004,3.2125181950509463,3.2222199999999996
2026-01-04 01:15:00,CELL_124,5G,n41,-103.92,-10.23,5.86,-77.18,32.1,0.389,0,110.32,1,6,1,31.9365,4.679300291545189,12.4869
2026-01-04 01:20:00,CELL_112,LTE,B4,-111.93,-9.54,13.71,-88.28,37.08,0.624,0,77.85,1,6,1,30.859499999999997,2.5207341944255606,23.137919999999998
2026-01-04 01:25:00,CELL_111,LTE,n77,-106.93,-9.99,5.46,-98.87,42.48,0.606,1,115.82,1,6,1,30.522,6.575851393188854,25.742879999999996
2026-01-04 01:30:00,CELL_123,5G,n77,-85.41,-13.53,15.97,-74.99,28.51,0.688,1,154.13,1,6,1,42.474000000000004,1.6800235710076608,19.61488
2026-01-04 01:35:00,CELL_111,LTE,B4,-87.53,-15.05,13.14,-73.76,5.0,3.108,0,90.35,1,6,1,40.291,0.3536067892503536,15.540000000000001
2026-01-04 01:40:00,CELL_110,LTE,B66,-92.67,-8.38,22.8,-82.64,5.0,0.53,0,111.38,1,6,1,42.543499999999995,0.21008403361344538,2.6500000000000004
2026-01-04 01:45:00,CELL_122,LTE,B4,-108.6,-10.44,13.05,-90.38,61.09,1.038,1,60.89,1,6,1,31.935000000000002,4.348042704626335,63.41142000000001
2026-01-04 01:50:00,CELL_109,LTE,B66,-84.03,-7.55,7.62,-64.06,60.45,1.005,1,68.56,1,6,1,42.085,7.01276102088167,60.75225
2026-01-04 01:55:00,CELL_115,LTE,B66,-109.92,-11.13,11.27,-99.07,70.31,0.697,0,35.8,1,6,1,30.634499999999996,5.730236348818257,49.00607
2026-01-04 02:00:00,CELL_119,LTE,B12,-78.93,-15.22,3.59,-57.05,41.74,0.195,1,90.58,2,6,1,41.253499999999995,9.09368191721133,8.1393
2026-01-04 02:05:00,CELL_106,5G,n77,-56.85,-8.1,15.84,-35.85,13.61,0.79,0,194.43,2,6,1,56.64450000000001,0.8081947743467933,10.751900000000001
2026-01-04 02:10:00,CELL_103,LTE,B2,-89.24,-12.11,17.13,-73.98,35.71,0.032,0,99.89,2,6,1,41.4535,1.9696635410921126,1.14272
2026-01-04 02:15:00,CELL_125,5G,n41,-86.42,-9.97,30.28,-69.28,33.17,1.132,0,186.9,2,6,1,47.2025,1.0604219948849105,37.54844
2026-01-04 02:20:00,CELL_108,LTE,B2,-100.41,-12.94,8.65,-92.16,26.89,0.021,0,66.99,2,6,1,33.6755,2.7865284974093263,0.56469
2026-01-04 02:25:00,CELL_110,LTE,B12,-117.53,-6.07,11.13,-101.19,66.73,1.044,0,28.84,2,6,1,28.433,5.501236603462489,69.66612
2026-01-04 02:30:00,CELL_117,5G,n77,-101.84,-13.63,8.97,-83.8,66.59,0.366,1,126.61,2,6,1,32.9555,6.679037111334002,24.371940000000002
2026-01-04 02:35:00,CELL_103,5G,n77,-108.21,-12.01,14.48,-89.36,40.17,0.233,0,122.3,2,6,1,32.147000000000006,2.5949612403100777,9.359610000000002
2026-01-04 02:40:00,CELL_101,LTE,B66,-112.81,-10.68,15.67,-92.92,41.84,1.416,0,54.87,2,6,1,30.7665,2.5098980203959207,59.24544
2026-01-04 02:45:00,CELL_112,LTE,B4,-71.61,-14.28,12.63,-52.39,22.58,0.467,1,117.53,2,6,1,47.4945,1.6566397652237708,10.54486
2026-01-04 02:50:00,CELL_129,LTE,B12,-90.45,-10.01,20.6,-73.77,65.2,0.752,1,97.02,2,6,1,42.475,3.0185185185185186,49.0304
2026-01-04 02:55:00,CELL_117,LTE,B12,-89.06,-6.16,8.68,-69.63,43.14,0.078,2,66.96,2,6,1,40.486999999999995,4.456611570247934,3.36492
2026-01-04 03:00:00,CELL_117,LTE,B66,-98.02,-12.47,19.9,-75.01,37.66,2.342,2,86.5,3,6,1,38.2435,1.8019138755980861,88.19972
2026-01-04 03:05:00,CELL_118,LTE,B12,-96.25,-9.81,16.77,-78.72,49.22,0.824,0,86.9,3,6,1,38.766,2.7698368036015757,40.55728
2026-01-04 03:10:00,CELL_125,LTE,B2,-81.46,-19.25,12.92,-61.87,33.21,0.822,0,80.96,3,6,1,41.9065,2.3857758620689657,27.29862
2026-01-04 03:15:00,CELL_125,LTE,B66,-94.42,-11.12,10.8,-77.35,44.2,1.154,0,95.67,3,6,1,37.471000000000004,3.745762711864407,51.0068
2026-01-04 03:20:00,CELL_100,5G,n41,-87.1,-11.94,29.99,-72.33,11.36,2.529,1,201.69,3,6,1,46.317,0.36656986124556307,28.729439999999997
2026-01-04 03:25:00,CELL_116,5G,n41,-96.55,-13.46,7.28,-75.93,49.31,0.509,0,110.49,3,6,1,34.8715,5.955314009661835,25.09879
2026-01-04 03:30:00,CELL_116,LTE,B2,-98.45,-7.76,,-83.22,40.43,2.413,1,57.48,3,6,1,,,97.55758999999999
2026-01-04 03:35:00,CELL_106,LTE,B2,,-11.98,7.75,-92.36,59.38,0.491,1,41.63,3,6,1,,6.7862857142857145,29.15558
2026-01-04 03:40:00,CELL_129,LTE,B12,-119.71,,25.5,-101.57,38.98,0.379,1,58.19,3,6,1,,1.470943396226415,14.77342
2026-01-04 03:45:00,CELL_107,LTE,B66,-97.4,,19.21,-80.92,39.96,1.086,0,106.29,3,6,1,,1.9772389905987136,43.39656
2026-01-04 03:50:00,CELL_125,5G,n77,-93.27,-16.75,8.25,-76.91,14.82,3.591,1,117.6,3,6,1,35.816,1.6021621621621622,53.21862
2026-01-04 03:55:00,CELL_103,5G,n41,-110.72,-14.4,16.59,-95.26,44.4,1.926,0,134.66,3,6,1,31.053,2.524161455372371,85.5144
2026-01-04 04:00:00,CELL_118,LTE,n41,-94.45,-8.12,14.8,-84.68,19.86,1.194,0,137.64,4,6,1,39.4075,1.2569620253164555,23.71284
2026-01-04 04:05:00,CELL_122,5G,n77,-93.3,-17.33,9.38,-73.39,25.7,1.071,1,132.74,4,6,1,35.9965,2.475915221579961,27.5247
2026-01-04 04:10:00,CELL_115,5G,n77,-122.03,-13.3,18.31,-102.87,33.02,0.783,0,129.47,4,6,1,26.7545,1.7099948213360956,25.854660000000003
2026-01-04 04:15:00,CELL_103,5G,n41,-105.9,-12.2,15.73,-83.65,34.82,2.328,0,117.95,4,6,1,33.513999999999996,2.081291093843395,81.06096
2026-01-04 04:20:00,CELL_103,LTE,B66,-88.71,-5.77,14.51,-73.36,16.41,1.447,0,103.07,4,6,1,42.49100000000001,1.058027079303675,23.74527
2026-01-04 04:25:00,CELL_118,LTE,B2,-88.97,-8.69,12.71,-61.49,38.54,0.115,1,104.6,4,6,1,41.104,2.811086797957695,4.4321
2026-01-04 04:30:00,CELL_125,LTE,B12,-109.0,-12.67,16.02,-92.9,53.93,0.235,2,55.85,4,6,1,32.088499999999996,3.1686251468860167,12.673549999999999
2026-01-04 04:40:00,CELL_103,LTE,B12,-80.71,-13.22,13.41,-67.68,38.63,0.185,2,84.42,4,6,1,43.8985,2.6807772380291466,7.14655
2026-01-04 04:45:00,CELL_123,5G,n41,-83.9,-7.97,8.51,-74.57,35.44,0.819,0,150.97,4,6,1,42.305499999999995,3.7266035751840167,29.025359999999996
2026-01-04 04:50:00,CELL_113,5G,n41,-95.24,-15.08,24.86,-69.58,31.11,1.55,0,165.67,4,6,1,40.33,1.203016241299304,48.2205
2026-01-04 04:55:00,CELL_102,LTE,B12,-100.08,-7.78,5.65,-75.23,26.54,1.093,1,74.36,4,6,1,34.214,3.9909774436090224,29.008219999999998
2026-01-04 05:00:00,CELL_111,LTE,B4,-102.18,-12.22,15.99,-81.18,41.45,0.147,1,75.88,5,6,1,35.260999999999996,2.4396703943496174,6.0931500000000005
2026-01-04 05:05:00,CELL_106,LTE,B4,-87.92,-14.09,10.76,-74.4,56.91,0.252,1,63.22,5,6,1,39.6415,4.839285714285714,14.34132
2026-01-04 05:10:00,CELL_129,LTE,B12,-91.46,-11.65,25.32,-64.41,26.23,1.123,0,88.1,5,6,1,43.0265,0.996580547112462,29.45629
2026-01-04 05:15:00,CELL_127,5G,n41,-85.82,-10.17,6.68,-69.58,27.38,3.297,0,162.43,5,6,1,40.3425,3.5651041666666665,90.27186
2026-01-04 05:20:00,CELL_103,5G,n41,-92.29,-12.48,7.85,-75.63,12.28,0.664,1,146.32,5,6,1,37.204499999999996,1.3875706214689265,8.15392
2026-01-04 05:25:00,CELL_117,5G,n41,-83.36,-9.34,6.21,-58.17,47.12,1.595,3,127.17,5,6,1,41.516,6.535367545076283,75.15639999999999
2026-01-04 05:30:00,CELL_100,LTE,B2,-92.77,-12.75,15.26,-71.48,40.61,1.101,3,85.47,5,6,1,39.144000000000005,2.4975399753997545,44.71161
2026-01-04 05:35:00,CELL_113,LTE,B4,-83.8,-9.14,3.39,-54.79,29.25,0.362,1,64.35,5,6,1,40.522000000000006,6.662870159453302,10.5885
2026-01-04 05:40:00,CELL_104,LTE,B4,-82.68,-9.67,9.65,-63.44,43.38,1.61,0,76.02,5,6,1,42.771499999999996,4.073239436619718,69.8418
2026-01-04 05:45:00,CELL_122,5G,n41,-104.46,-11.18,-2.07,-88.44,14.95,0.073,2,123.8,5,6,1,29.077000000000005,4.869706840390879,1.0913499999999998
2026-01-04 05:50:00,CELL_102,5G,n77,-117.51,-12.32,14.68,-102.56,17.5,1.514,0,123.38,5,6,1,27.944499999999998,1.1160714285714286,26.495
2026-01-04 05:55:00,CELL_127,LTE,B4,-73.93,-10.55,9.5,-65.17,20.1,1.162,1,98.19,5,6,1,46.443999999999996,1.9142857142857144,23.3562
2026-01-04 06:00:00,CELL_106,5G,n77,-90.66,-9.35,2.58,-74.06,17.0,0.403,0,117.57,6,6,1,37.139500000000005,4.748603351955307,6.851000000000001
2026-01-04 06:05:00,CELL_107,LTE,B66,-116.29,-4.81,20.6,-92.57,62.36,0.208,2,52.71,6,6,1,32.147,2.887037037037037,12.97088
2026-01-04 06:10:00,CELL_126,5G,n41,-103.28,-8.18,3.85,-82.29,22.0,0.444,1,110.01,6,6,1,32.134,4.536082474226805,9.768
2026-01-04 06:15:00,CELL_127,LTE,B4,-83.97,-8.07,18.58,-65.86,48.99,0.33,0,131.46,6,6,1,45.269999999999996,2.5020429009193057,16.166700000000002
2026-01-04 06:20:00,CELL_102,LTE,B4,-97.64,-1.73,8.09,-84.61,29.46,0.56,2,67.54,6,6,1,37.5565,3.2409240924092413,16.497600000000002
2026-01-04 06:25:00,CELL_103,5G,n41,-100.66,-9.45,24.21,-81.52,44.39,,0,137.96,6,6,1,39.1035,1.7608092026973423,
2026-01-04 06:30:00,CELL_125,LTE,B2,-75.79,-9.55,18.25,-52.72,26.61,0.402,0,125.53,6,6,1,48.482,1.3823376623376622,10.69722
2026-01-04 06:35:00,CELL_129,LTE,B4,-107.61,-8.89,5.94,-87.46,42.59,0.068,0,55.63,6,6,1,30.634999999999998,6.136887608069165,2.8961200000000002
2026-01-04 06:40:00,CELL_114,LTE,B2,-104.38,-14.03,6.58,-85.54,42.79,0.17,0,42.19,6,6,1,30.9955,5.645118733509235,7.2743
2026-01-04 06:45:00,CELL_104,5G,B12,-91.25,-12.33,17.24,-77.24,76.92,1.826,0,79.54,6,6,1,40.527,4.217105263157896,140.45592000000002
2026-01-04 06:50:00,CELL_104,5G,n77,-88.92,-12.52,11.16,-66.59,42.46,0.416,1,154.61,6,6,1,39.704,3.491776315789474,17.66336
2026-01-04 06:55:00,CELL_107,5G,n77,-87.55,-9.06,11.81,-85.21,24.11,0.571,1,151.89,6,6,1,41.380500000000005,1.8821233411397345,13.766809999999998
2026-01-04 07:00:00,CELL_120,5G,n77,-82.15,-11.52,21.91,-62.24,43.28,0.468,2,159.82,7,6,1,46.2255,1.889131383675251,20.25504
2026-01-04 07:05:00,CELL_102,LTE,B12,-91.42,-10.59,7.76,-60.57,74.07,2.37,0,46.6,7,6,1,38.0415,8.455479452054794,175.5459
2026-01-04 07:10:00,CELL_119,LTE,B12,-87.64,-7.74,13.64,-77.18,17.56,0.321,1,83.08,7,6,1,42.219,1.1994535519125682,5.63676
2026-01-04 07:15:00,CELL_124,LTE,B4,-97.37,-8.41,19.68,-80.58,29.36,0.294,0,97.92,7,6,1,39.485,1.4197292069632494,8.631839999999999
2026-01-04 07:20:00,CELL_104,LTE,B4,-93.18,-11.49,18.66,-75.22,38.45,1.185,0,98.32,7,6,1,40.2945,1.9557477110885046,45.563250000000004
2026-01-04 07:25:00,CELL_129,LTE,B4,-92.6,-13.01,11.88,-76.91,35.74,0.881,1,71.29,7,6,1,38.1415,2.7748447204968945,31.48694
2026-01-04 07:30:00,CELL_129,5G,n41,-91.2,-7.59,10.98,-68.02,28.01,1.214,0,163.63,7,6,1,39.8565,2.3380634390651087,34.00414
2026-01-04 07:35:00,CELL_108,5G,n41,-83.96,-8.68,0.83,-63.59,13.44,1.148,0,144.79,7,6,1,39.797,7.3442622950819665,15.429119999999998
2026-01-04 07:40:00,CELL_103,5G,n77,-86.78,-15.82,5.61,-68.02,54.06,1.645,1,98.54,7,6,1,38.177,8.178517397881997,88.9287
2026-01-04 07:45:00,CELL_109,LTE,B4,-93.43,-11.94,15.23,-71.44,20.66,0.141,2,75.08,7,6,1,39.0405,1.272951324707332,2.9130599999999998
2026-01-04 07:50:00,CELL_107,LTE,B4,-104.52,-10.5,12.03,-86.43,39.0,1.087,0,53.83,7,6,1,33.45,2.9930928626247124,42.393
2026-01-04 07:55:00,CELL_108,LTE,B66,,-8.66,13.52,-59.22,57.69,0.296,2,95.7,7,6,1,,3.9731404958677685,17.07624
2026-01-04 08:00:00,CELL_127,LTE,B66,-94.36,-8.27,20.27,-75.61,41.55,0.036,0,111.74,8,6,1,41.0515,1.9534555712270802,1.4957999999999998
2026-01-04 08:05:00,CELL_104,LTE,B4,-91.49,-10.15,4.69,-72.51,27.31,1.141,0,91.92,8,6,1,37.199,4.799648506151142,31.160709999999998
2026-01-04 08:10:00,CELL_109,LTE,B4,-65.32,-9.24,11.35,-55.87,21.77,1.083,0,124.5,8,6,1,51.201,1.762753036437247,23.576909999999998
2026-01-04 08:15:00,CELL_123,LTE,B2,-100.81,-10.81,14.32,-85.53,38.55,0.723,0,75.02,8,6,1,35.729,2.5163185378590076,27.871649999999995
2026-01-04 08:20:00,CELL_101,5G,n41,-88.51,,8.07,-64.77,21.64,1.669,0,123.22,8,6,1,,2.3858875413450935,36.11716
2026-01-04 08:25:00,CELL_101,LTE,B2,,-11.78,23.02,-68.79,45.08,0.299,0,127.4,8,6,1,,1.8767693588676102,13.478919999999999
2026-01-04 08:30:00,CELL_109,5G,n77,-92.73,-10.94,19.36,-85.51,11.98,1.308,3,154.39,8,6,1,40.8445,0.5884086444007859,15.66984
2026-01-04 08:35:00,CELL_129,LTE,B12,-63.61,-11.1,15.03,-45.45,54.2,0.625,1,118.56,8,6,1,52.609500000000004,3.3811603243917654,33.875
2026-01-04 08:40:00,CELL_125,LTE,B2,-98.91,-16.66,25.56,-74.06,43.73,0.674,1,119.38,8,6,1,38.4935,1.646460843373494,29.47402
2026-01-04 08:45:00,CELL_127,LTE,B66,-89.79,-12.19,2.51,-71.57,44.85,0.049,1,65.15,8,6,1,36.8,12.777777777777779,2.1976500000000003
2026-01-04 08:50:00,CELL_125,LTE,B66,-104.38,-10.83,12.95,-88.07,63.62,1.683,1,68.47,8,6,1,33.706500000000005,4.560573476702509,107.07245999999999
2026-01-04 08:55:00,CELL_103,LTE,B4,-98.57,-11.84,15.56,-89.86,35.43,1.046,1,61.94,8,6,1,36.8515,2.139492753623188,37.05978
2026-01-04 09:00:00,CELL_112,LTE,B2,-90.76,-11.74,6.6,-70.5,31.11,1.266,0,107.43,9,6,1,37.703,4.093421052631579,39.38526
2026-01-04 09:05:00,CELL_115,5G,n77,-83.0,-9.54,15.11,-61.69,24.78,0.251,0,161.98,9,6,1,44.298,1.5381750465549349,6.21978
2026-01-04 09:10:00,CELL_104,LTE,B4,-89.85,-14.24,5.25,-80.76,39.11,0.941,0,80.4,9,6,1,37.0825,6.2576,36.80251
2026-01-04 09:15:00,CELL_129,5G,n41,-77.63,-15.88,17.83,-53.96,31.64,0.624,1,183.21,9,6,1,45.9455,1.6802973977695168,19.74336
2026-01-04 09:20:00,CELL_118,5G,B66,-95.23,-12.04,20.4,-73.41,29.54,1.096,0,93.71,9,6,1,39.756499999999996,1.380373831775701,32.375840000000004
2026-01-04 09:25:00,CELL_125,LTE,B66,-98.32,-8.71,14.91,-74.66,11.65,0.901,2,98.72,9,6,1,37.551500000000004,0.7322438717787555,10.49665
2026-01-04 09:30:00,CELL_107,LTE,B12,-58.85,-5.94,0.03,-37.93,33.59,2.738,1,104.43,9,6,1,51.541500000000006,32.6116504854369,91.96942000000001
2026-01-04 09:35:00,CELL_121,LTE,B66,-88.87,-8.65,6.23,-67.61,47.4,2.109,0,57.18,9,6,1,39.214999999999996,6.556016597510373,99.9666
2026-01-04 09:40:00,CELL_103,5G,n41,-103.35,-15.4,16.95,-82.75,35.04,0.554,2,124.96,9,6,1,34.227500000000006,1.9520891364902506,19.41216
2026-01-04 09:45:00,CELL_100,5G,n41,-103.03,-11.7,13.15,-80.68,50.99,1.14,0,120.23,9,6,1,34.1565,3.6035335689045938,58.1286
2026-01-04 09:50:00,CELL_119,5G,n41,-106.25,-10.23,-5.86,-97.35,62.33,0.508,0,72.55,9,6,1,27.372,9.086005830903789,31.66364
2026-01-04 09:55:00,CELL_102,LTE,B12,-81.82,-10.47,21.7,-71.33,53.39,1.633,1,122.61,9,6,1,46.5735,2.3519823788546255,87.18587
2026-01-04 10:00:00,CELL_108,LTE,B2,-98.74,-9.38,13.96,-84.42,62.74,0.65,0,78.21,10,6,1,36.910000000000004,4.193850267379679,40.781000000000006
2026-01-04 10:05:00,CELL_123,5G,n41,-92.34,-13.75,7.27,-74.99,44.5,0.437,2,123.69,10,6,1,36.6905,5.380894800483676,19.4465
2026-01-04 10:10:00,CELL_114,LTE,B2,-94.83,-10.81,19.96,-74.88,67.65,0.929,0,91.44,10,6,1,40.112,3.227576335877863,62.84685000000001
2026-01-04 10:15:00,CELL_111,LTE,B66,-84.49,-9.74,8.26,-64.87,69.76,1.981,0,42.62,10,6,1,41.5225,7.533477321814256,138.19456000000002
2026-01-04 10:20:00,CELL_108,LTE,B66,-105.01,-8.52,8.18,-81.42,56.27,1.737,1,37.07,10,6,1,32.5695,6.12962962962963,97.74099000000001
2026-01-04 10:25:00,CELL_120,5G,n77,-107.98,-13.42,15.51,-84.24,43.6,0.464,0,128.02,10,6,1,32.206999999999994,2.6408237431859485,20.230400000000003
2026-01-04 10:30:00,CELL_128,5G,n41,-91.08,-12.04,25.47,-77.45,29.92,2.554,1,174.75,10,6,1,43.145,1.1303362296939934,76.41568
2026-01-04 10:35:00,CELL_122,5G,n77,-86.19,-19.11,24.37,-66.99,32.38,0.27,0,180.71,10,6,1,43.248000000000005,1.2763106030744975,8.742600000000001
2026-01-04 10:40:00,CELL_110,5G,n41,-89.68,-12.86,15.52,-75.92,27.93,0.381,1,172.01,10,6,1,40.584999999999994,1.6906779661016949,10.64133
2026-01-04 10:45:00,CELL_112,LTE,B12,-104.52,-12.57,16.24,-87.46,51.32,1.576,2,73.56,10,6,1,34.1955,2.9767981438515085,80.88032
2026-01-04 10:50:00,CELL_103,5G,n77,-85.19,-14.06,18.54,-65.58,22.19,0.037,2,163.45,10,6,1,43.2115,1.1356192425793246,0.82103
2026-01-04 10:55:00,CELL_104,LTE,B2,-103.67,-10.5,4.2,-102.71,39.13,0.754,1,48.53,10,6,1,31.4835,7.525,29.50402
2026-01-04 11:00:00,CELL_108,5G,n41,-100.78,-11.17,17.51,-70.72,5.0,0.552,0,159.15,11,6,1,36.609500000000004,0.2701242571582928,2.7600000000000002
2026-01-04 11:05:00,CELL_111,LTE,B2,-106.27,-17.78,7.86,-85.44,67.85,2.671,1,26.98,11,6,1,29.591499999999996,7.658013544018059,181.22734999999997
2026-01-04 11:10:00,CELL_129,5G,n77,,-10.35,15.23,-62.06,29.69,0.213,0,191.21,11,6,1,,1.8293284041897722,6.32397
2026-01-04 11:15:00,CELL_126,LTE,B4,-85.77,-13.78,11.41,-58.13,48.83,0.245,1,74.78,11,6,1,40.8815,3.934730056406124,11.96335
2026-01-04 11:20:00,CELL_103,LTE,B12,-86.14,-9.54,16.51,-69.87,63.87,2.957,3,78.08,11,6,1,43.30500000000001,3.64762992575671,188.86359
2026-01-04 11:25:00,CELL_109,LTE,B2,-77.79,-14.85,13.83,-59.12,46.5,0.558,0,113.91,11,6,1,44.931,3.135536075522589,25.947000000000003
2026-01-04 11:30:00,CELL_101,LTE,B4,-57.44,-10.91,-8.51,-41.87,63.67,1.92,1,65.81,11,6,1,48.371500000000005,6.695057833859096,122.2464
2026-01-04 11:35:00,CELL_101,LTE,B4,-116.22,-11.85,14.25,-89.96,23.37,0.47,1,56.01,11,6,1,28.5135,1.5324590163934426,10.9839
2026-01-04 11:40:00,CELL_111,5G,n77,-103.6,-10.09,17.5,-86.12,68.96,0.363,0,123.61,11,6,1,35.6075,3.7275675675675672,25.032479999999996
2026-01-04 11:45:00,CELL_128,LTE,B66,-102.01,-10.63,16.12,-83.26,58.31,1.996,0,74.52,11,6,1,35.773999999999994,3.4059579439252334,116.38676000000001
2026-01-04 11:50:00,CELL_105,5G,n41,-105.06,-11.77,12.28,-81.04,36.14,3.513,1,101.22,11,6,1,32.9645,2.721385542168675,126.95982
2026-01-04 11:55:00,CELL_120,LTE,B66,-108.01,-15.61,24.5,-87.08,63.38,2.119,1,56.86,11,6,1,34.342999999999996,2.4854901960784317,134.30222
2026-01-04 12:00:00,CELL_111,5G,n77,-97.9,-15.43,15.18,-80.17,15.47,0.439,0,163.25,12,6,1,36.1415,0.9561186650185415,6.79133
2026-01-04 12:05:00,CELL_116,LTE,B2,-109.82,-12.75,16.06,-86.26,37.67,0.723,1,72.39,12,6,1,31.7115,2.2080890973036347,27.23541
2026-01-04 12:10:00,CELL_126,5G,n41,-89.64,-11.02,20.31,-58.95,54.66,0.259,0,167.92,12,6,1,42.5,2.5649929610511495,14.156939999999999
2026-01-04 12:15:00,CELL_124,5G,n41,-93.33,-12.82,15.54,-73.74,5.0,0.317,2,166.9,12,6,1,38.9585,0.3022974607013301,1.585
2026-01-04 12:20:00,CELL_124,LTE,B66,-87.75,-9.12,6.71,-69.16,50.41,0.298,1,100.78,12,6,1,39.7455,6.538261997405966,15.022179999999999
2026-01-04 12:25:00,CELL_112,5G,n41,-87.4,-11.84,-4.07,-68.55,40.98,0.482,0,125.63,12,6,1,35.989,8.082840236686389,19.75236
2026-01-04 12:30:00,CELL_101,LTE,B66,-86.16,-13.9,9.66,-61.61,71.54,0.837,0,64.38,12,6,1,40.150999999999996,6.711069418386492,59.878980000000006
2026-01-04 12:35:00,CELL_129,LTE,B4,-98.85,-11.83,18.33,-83.85,18.26,0.751,0,102.6,12,6,1,37.559,0.9446456285566479,13.713260000000002
2026-01-04 12:40:00,CELL_129,5G,n41,-66.43,-10.32,10.53,-49.82,57.14,1.394,0,153.0,12,6,1,50.1855,4.955767562879445,79.65316
2026-01-04 12:45:00,CELL_125,5G,n77,-90.95,-10.03,18.61,-80.64,24.61,0.879,0,154.44,12,6,1,41.647999999999996,1.2549719530851606,21.63219
2026-01-04 12:50:00,CELL_114,LTE,B2,-118.21,-5.36,14.04,-106.13,35.29,1.284,1,33.15,12,6,1,29.177500000000002,2.346409574468085,45.31236
2026-01-04 12:55:00,CELL_108,LTE,B66,-107.03,-13.01,22.02,-91.62,23.67,1.461,1,82.47,12,6,1,34.69,1.028236316246742,34.58187
2026-01-04 13:00:00,CELL_105,5G,n41,-116.63,-11.22,10.93,-98.91,16.68,0.447,1,119.42,13,6,1,27.490500000000004,1.3981559094719196,7.45596
2026-01-04 13:05:00,CELL_111,5G,n77,-93.77,-9.72,,-66.93,39.05,0.637,2,141.97,13,6,1,,,24.87485
2026-01-04 13:10:00,CELL_110,5G,n41,-95.58,-11.07,16.54,-74.9,16.32,6.373,0,111.02,13,6,1,38.683499999999995,0.9304446978335235,104.00736
2026-01-04 13:15:00,CELL_108,LTE,B2,-100.09,-12.5,23.51,-86.65,53.1,0.408,0,75.05,13,6,1,38.3875,2.1664626682986534,21.6648
2026-01-04 13:20:00,CELL_128,5G,n41,-67.86,-15.65,1.05,-53.5,23.06,1.347,1,175.96,13,6,1,45.3655,11.24878048780488,31.061819999999997
2026-01-04 13:25:00,CELL_119,LTE,B12,-86.86,-12.53,9.79,-61.99,23.8,0.156,0,99.89,13,6,1,40.2175,2.205746061167748,3.7128
2026-01-04 13:30:00,CELL_106,5G,n77,-84.56,-14.22,18.94,-60.93,25.08,1.496,1,154.11,13,6,1,43.575,1.2577733199598795,37.519679999999994
2026-01-04 13:35:00,CELL_119,LTE,B12,-106.1,-16.18,23.82,-87.96,47.05,0.337,0,94.31,13,6,1,34.856,1.8956486704270747,15.85585
2026-01-04 13:40:00,CELL_121,5G,n41,-106.99,,14.68,-91.2,28.84,0.777,3,149.61,13,6,1,,1.8392857142857144,22.40868
2026-01-04 13:45:00,CELL_115,LTE,B4,-93.52,-14.14,10.95,-69.9,42.51,0.705,0,86.17,13,6,1,37.166000000000004,3.5573221757322178,29.969549999999998
2026-01-04 13:50:00,CELL_128,LTE,B4,-91.75,-9.25,18.3,-78.72,52.44,0.719,0,58.86,13,6,1,41.39,2.717098445595855,37.704359999999994
2026-01-04 13:55:00,CELL_128,5G,n41,-118.13,-9.2,19.08,-98.17,49.24,0.614,0,147.05,13,6,1,29.765500000000003,2.4521912350597614,30.23336
2026-01-04 14:00:00,CELL_112,LTE,B2,-96.34,-13.71,10.48,-66.98,37.35,1.105,0,51.82,14,6,1,35.863499999999995,3.2534843205574915,41.271750000000004
2026-01-04 14:05:00,CELL_114,5G,n41,-93.82,-11.78,15.31,-74.79,17.34,1.863,2,140.96,14,6,1,38.929,1.063151440833844,32.30442
2026-01-04 14:10:00,CELL_106,LTE,B66,-96.8,-16.57,21.26,-82.67,43.14,0.244,0,84.49,14,6,1,38.1755,1.9380053908355794,10.526159999999999
2026-01-04 14:15:00,CELL_123,5G,n77,-104.57,-12.48,26.23,-84.52,40.06,0.629,0,143.44,14,6,1,37.1925,1.471171502019831,25.197740000000003
2026-01-04 14:20:00,CELL_127,LTE,B2,-101.01,-9.8,18.2,-85.36,20.09,0.058,0,100.02,14,6,1,37.055499999999995,1.0463541666666667,1.1652200000000001
2026-01-04 14:25:00,CELL_119,LTE,B12,-96.3,-8.53,13.31,-85.27,28.64,0.868,1,58.25,14,6,1,38.0255,2.0013976240391336,24.85952
2026-01-04 14:30:00,CELL_106,LTE,B12,-92.82,-13.14,12.62,-71.31,31.21,0.221,1,87.56,14,6,1,38.232000000000006,2.2914831130690163,6.89741
2026-01-04 14:35:00,CELL_115,LTE,B2,-86.14,-7.84,16.9,-62.55,38.88,0.745,0,116.27,14,6,1,43.847,2.1720670391061456,28.965600000000002
2026-01-04 14:40:00,CELL_123,LTE,B12,-79.95,-15.55,12.19,-63.5,30.58,0.901,1,91.72,14,6,1,43.292,2.3184230477634573,27.55258
2026-01-04 14:45:00,CELL_101,5G,n41,-97.83,-14.74,14.33,-81.71,43.61,0.079,0,121.12,14,6,1,36.090500000000006,2.8447488584474887,3.44519
2026-01-04 14:50:00,CELL_117,5G,n41,-99.93,-8.87,5.59,-86.74,8.92,1.029,1,122.77,14,6,1,33.991,1.3535660091047041,9.17868
2026-01-04 14:55:00,CELL_119,5G,n77,,-5.99,22.08,-71.06,9.3,1.791,0,168.37,14,6,1,,0.402946273830156,16.6563
2026-01-04 15:00:00,CELL_116,LTE,B4,-86.06,-9.52,5.02,-70.87,36.99,1.244,0,68.71,15,6,1,39.899,6.14451827242525,46.01556
2026-01-04 15:05:00,CELL_119,LTE,B4,,-11.12,9.98,-86.7,39.37,0.251,0,57.83,15,6,1,,3.5856102003642984,9.88187
2026-01-04 15:15:00,CELL_103,5G,n41,-81.27,-17.07,26.94,-60.93,23.9,0.777,2,194.82,15,6,1,46.742999999999995,0.8554044380816034,18.5703
2026-01-04 15:20:00,CELL_117,5G,n41,-77.21,-10.61,10.04,-56.35,26.98,0.641,0,147.9,15,6,1,45.11500000000001,2.443840579710145,17.29418
2026-01-04 15:25:00,CELL_123,LTE,B66,-70.88,-12.07,8.34,-48.46,36.1,0.145,0,98.28,15,6,1,47.0885,3.865096359743041,5.2345
2026-01-04 15:30:00,CELL_124,5G,n41,-105.26,-14.32,9.14,-83.41,35.28,0.304,0,120.84,15,6,1,31.294999999999995,3.4792899408284024,10.72512
2026-01-04 15:35:00,CELL_114,LTE,B4,-93.82,-10.8,24.61,-77.88,32.08,0.586,0,100.43,15,6,1,41.964,1.2526356891839125,18.798879999999997
2026-01-04 15:40:00,CELL_129,LTE,B66,-93.85,-10.65,-6.69,-74.49,64.17,0.889,1,31.53,15,6,1,32.598000000000006,8.344603381014304,57.04713
2026-01-04 15:45:00,CELL_109,LTE,B66,-95.27,-8.17,5.98,-78.62,49.32,0.405,0,82.23,15,6,1,36.38,7.065902578796561,19.974600000000002
2026-01-04 15:50:00,CELL_113,LTE,B2,-102.44,-10.59,32.12,-82.25,29.89,0.046,2,115.54,15,6,1,40.3905,0.9024758454106281,1.37494
2026-01-04 15:55:00,CELL_124,5G,n41,-113.31,-7.31,17.14,-93.6,34.42,0.433,0,110.24,15,6,1,31.825,1.8974641675854467,14.90386
2026-01-04 16:00:00,CELL_113,5G,n77,-92.8,-10.98,5.26,-76.71,34.86,2.734,1,118.31,16,6,1,36.573,5.568690095846645,95.30724
2026-01-04 16:05:00,CELL_110,LTE,B66,-103.99,-11.35,12.71,-92.64,60.22,1.035,1,55.19,16,6,1,33.68000000000001,4.392414296134208,62.32769999999999
2026-01-04 16:10:00,CELL_116,LTE,B12,-92.88,-7.81,13.47,-74.15,32.99,0.866,1,84.44,16,6,1,39.792500000000004,2.279889426399447,28.56934
2026-01-04 16:15:00,CELL_118,5G,n77,-104.32,-13.94,18.92,-87.34,44.51,0.298,0,142.86,16,6,1,34.74700000000001,2.2344377510040156,13.263979999999998
2026-01-04 16:20:00,CELL_129,5G,n77,-108.3,-2.56,25.88,-99.75,33.63,0.455,0,158.44,16,6,1,37.889,1.2511160714285716,15.301650000000002
2026-01-04 16:25:00,CELL_118,5G,n77,-90.95,-9.87,15.72,-70.42,55.37,0.039,1,143.89,16,6,1,40.821,3.311602870813397,2.15943
2026-01-04 16:30:00,CELL_105,LTE,B2,-92.04,-9.86,9.22,-69.21,61.36,0.274,3,65.29,16,6,1,38.382999999999996,6.003913894324853,16.812640000000002
2026-01-04 16:35:00,CELL_101,5G,n77,-86.47,-9.42,18.51,-55.83,35.95,0.989,0,185.15,16,6,1,43.786500000000004,1.8426447975397233,35.55455
2026-01-04 16:40:00,CELL_129,LTE,B66,-65.58,-5.37,8.11,-49.54,38.07,0.872,0,125.88,16,6,1,51.0795,4.178924259055982,33.19704
2026-01-04 16:45:00,CELL_112,5G,n77,-90.4,-8.62,5.77,-75.09,40.6,0.364,1,137.84,16,6,1,38.396,5.997045790251108,14.7784
2026-01-04 16:50:00,CELL_106,LTE,B4,-87.69,-15.82,0.68,-75.24,39.29,0.64,0,68.28,16,6,1,36.2885,23.38690476190476,25.1456
2026-01-04 16:55:00,CELL_106,5G,n41,-108.01,-6.79,2.04,-88.97,58.2,0.752,1,74.76,16,6,1,29.810000000000002,19.144736842105264,43.766400000000004
2026-01-04 17:00:00,CELL_103,LTE,B66,-110.73,-12.02,6.72,-91.72,43.18,0.386,0,61.52,17,6,1,28.682499999999997,5.5932642487046635,16.66748
2026-01-04 17:05:00,CELL_105,LTE,B4,-73.42,-10.68,4.76,-59.48,35.92,1.089,1,93.55,17,6,1,45.218999999999994,6.236111111111112,39.11688
2026-01-04 17:10:00,CELL_123,5G,n77,-106.01,-14.84,15.19,-88.88,26.11,0.857,1,123.15,17,6,1,32.6425,1.6127239036442251,22.376269999999998
2026-01-04 17:15:00,CELL_119,5G,n77,-107.57,-9.42,4.6,-99.46,14.8,0.473,1,109.55,17,6,1,30.118500000000004,2.6428571428571432,7.0004
2026-01-04 17:20:00,CELL_117,LTE,B4,-94.51,-12.95,-9.01,-71.88,50.35,0.159,1,21.63,17,6,1,31.029999999999998,5.0299700299700305,8.005650000000001
2026-01-04 17:25:00,CELL_100,5G,n77,-95.17,-10.7,5.69,-81.03,20.7,0.438,1,141.89,17,6,1,35.7055,3.0941704035874436,9.0666
2026-01-04 17:30:00,CELL_120,5G,n77,-105.73,-11.85,9.7,-87.91,49.47,0.406,2,117.83,17,6,1,31.868999999999996,4.623364485981309,20.08482
2026-01-04 17:35:00,CELL_129,LTE,B4,-97.96,-5.22,8.76,-87.1,22.61,0.363,0,80.45,17,6,1,36.741,2.3165983606557377,8.207429999999999
2026-01-04 17:40:00,CELL_127,LTE,B4,-78.02,-5.05,23.64,-62.93,43.91,0.084,0,128.42,17,6,1,50.2205,1.7820616883116882,3.68844
2026-01-04 17:45:00,CELL_111,LTE,B66,-104.48,-10.86,8.71,-87.88,59.25,2.19,1,34.5,17,6,1,32.382,6.101956745623069,129.7575
2026-01-04 17:50:00,CELL_118,5G,n77,-112.12,-10.81,,-94.17,5.0,2.105,2,105.18,17,6,1,,,10.525
2026-01-04 17:55:00,CELL_108,LTE,B4,-81.75,-12.12,12.87,-61.35,72.27,0.618,1,67.84,17,6,1,43.5435,5.2105263157894735,44.662859999999995
2026-01-04 18:00:00,CELL_126,LTE,B66,-87.6,-7.68,12.7,-62.4,35.62,0.885,1,81.64,18,6,1,41.970000000000006,2.6,31.523699999999998
2026-01-04 18:05:00,CELL_127,5G,n77,-102.07,-11.99,7.15,-80.4,35.12,1.072,1,102.89,18,6,1,32.71600000000001,4.309202453987729,37.64864
2026-01-04 18:10:00,CELL_106,5G,n41,-114.57,-12.26,12.59,-91.76,41.57,0.628,0,113.02,18,6,1,28.655500000000004,3.0588668138337014,26.10596
2026-01-04 18:15:00,CELL_114,5G,n77,-103.68,-8.06,7.64,-78.45,43.89,0.943,0,120.98,18,6,1,33.120999999999995,5.079861111111111,41.38827
2026-01-04 18:20:00,CELL_107,5G,n77,-94.71,-12.61,14.19,-73.86,37.11,1.209,1,135.23,18,6,1,37.98500000000001,2.443054641211323,44.865990000000004
2026-01-04 18:25:00,CELL_118,5G,n77,-78.85,-11.11,11.35,-61.03,47.96,0.828,0,168.34,18,6,1,44.645,3.8834008097165995,39.710879999999996
2026-01-04 18:30:00,CELL_108,5G,n77,-107.48,-15.74,6.39,-84.43,40.79,1.396,0,93.04,18,6,1,29.116,5.519621109607578,56.94284
2026-01-04 18:35:00,CELL_120,5G,n77,-95.1,-8.89,19.94,-71.73,59.41,,0,143.6,18,6,1,40.4645,2.8371537726838585,
2026-01-04 18:40:00,CELL_129,LTE,B66,-85.22,-5.18,15.99,-63.98,49.83,0.699,4,89.64,18,6,1,44.653000000000006,2.9329017068864034,34.83116999999999
2026-01-04 18:45:00,CELL_126,LTE,B2,-124.96,-8.84,9.86,-114.23,71.47,4.84,0,13.44,18,6,1,24.016000000000005,6.581031307550645,345.91479999999996
2026-01-04 18:50:00,CELL_105,LTE,B66,-80.56,-6.61,14.02,-66.77,55.52,1.676,1,91.62,18,6,1,45.8015,3.6964047936085223,93.05152
2026-01-04 18:55:00,CELL_103,5G,n77,,-13.54,12.41,-92.75,5.91,0.846,0,131.64,18,6,1,,0.4407158836689038,4.99986
2026-01-04 19:00:00,CELL_124,LTE,B66,-89.68,-10.29,6.93,-67.79,81.17,0.245,1,39.95,19,6,1,38.6505,10.235813366960908,19.88665
2026-01-04 19:05:00,CELL_102,LTE,B12,-90.79,-13.83,13.49,-72.9,33.38,0.734,0,80.63,19,6,1,39.233999999999995,2.303657694962043,24.50092
2026-01-04 19:10:00,CELL_112,5G,n77,-79.9,-11.68,8.65,-56.22,55.43,1.586,0,150.43,19,6,1,43.22,5.7440414507772015,87.91198
2026-01-04 19:15:00,CELL_129,LTE,B4,-86.84,-8.68,6.39,-62.26,42.4,1.326,2,46.47,19,6,1,40.169000000000004,5.7374830852503385,56.2224
2026-01-04 19:20:00,CELL_113,LTE,B12,-124.9,-10.69,1.64,-100.91,57.92,0.054,2,26.23,19,6,1,21.1145,21.93939393939394,3.1276800000000002
2026-01-04 19:25:00,CELL_100,5G,n77,-104.2,-15.24,10.49,-80.17,22.67,0.09,1,134.06,19,6,1,31.947000000000003,1.9730200174064405,2.0403000000000002
2026-01-04 19:30:00,CELL_129,5G,n77,-92.2,-14.95,16.97,-79.39,42.39,1.087,1,135.43,19,6,1,39.363499999999995,2.3589315525876464,46.07793
2026-01-04 19:35:00,CELL_121,LTE,B2,-96.53,-15.14,8.14,-76.12,38.2,0.099,0,63.72,19,6,1,34.7185,4.179431072210066,3.7818000000000005
2026-01-04 19:40:00,CELL_109,LTE,B2,-87.79,-9.53,30.64,-72.83,65.69,0.231,1,141.5,19,6,1,46.804,2.076169405815423,15.17439
2026-01-04 19:45:00,CELL_118,LTE,B66,-83.74,-4.81,19.2,-73.98,48.58,0.605,0,124.16,19,6,1,46.374500000000005,2.404950495049505,29.3909
2026-01-04 19:50:00,CELL_118,5G,n41,-86.09,-6.91,22.13,-69.53,47.04,1.806,1,156.37,19,6,1,45.671,2.033722438391699,84.95424
2026-01-04 19:55:00,CELL_116,5G,n41,-96.79,-16.69,18.57,-72.16,5.0,1.133,0,160.45,19,6,1,37.342999999999996,0.25549310168625444,5.665
2026-01-04 20:00:00,CELL_128,LTE,B66,-118.0,-6.74,25.97,-97.7,40.72,0.535,0,71.1,20,6,1,32.506,1.5098257322951427,21.7852
2026-01-04 20:05:00,CELL_123,5G,n41,-99.92,-8.19,7.49,-71.83,39.16,1.43,0,117.07,20,6,1,34.7355,4.612485276796231,55.998799999999996
2026-01-04 20:10:00,CELL_107,LTE,B12,-88.59,-15.64,-4.93,-69.7,45.35,3.362,2,25.34,20,6,1,34.2455,7.6475548060708265,152.4667
2026-01-04 20:15:00,CELL_129,LTE,B2,-108.18,-11.91,9.88,-77.94,56.42,0.74,1,47.92,20,6,1,30.805499999999995,5.185661764705882,41.7508
2026-01-04 20:20:00,CELL_128,5G,n77,-85.79,-7.71,16.91,-66.91,27.51,0.146,1,185.79,20,6,1,44.04,1.5360134003350085,4.01646
2026-01-04 20:25:00,CELL_101,LTE,B2,-82.19,-9.35,14.06,-64.08,42.73,0.242,1,99.92,20,6,1,44.394999999999996,2.837317397078353,10.34066
2026-01-04 20:30:00,CELL_108,LTE,B12,-92.35,-14.93,14.93,-80.75,59.72,0.239,0,71.28,20,6,1,38.689,3.748901443816698,14.273079999999998
2026-01-04 20:35:00,CELL_118,LTE,B2,-133.83,-9.17,22.25,-110.28,7.82,0.312,0,48.25,20,6,1,23.658999999999992,0.3363440860215054,2.4398400000000002
2026-01-04 20:40:00,CELL_126,5G,n77,-110.62,-17.41,15.67,-95.13,41.84,0.497,0,123.45,20,6,1,30.069499999999998,2.5098980203959207,20.79448
2026-01-04 20:45:00,CELL_121,5G,n77,-69.48,-11.67,18.59,-54.71,27.99,0.913,0,178.11,20,6,1,50.893499999999996,1.4287901990811638,25.55487
2026-01-04 20:50:00,CELL_117,5G,n41,-101.1,-7.59,6.42,-76.7,19.32,0.116,1,127.94,20,6,1,34.033500000000004,2.6037735849056602,2.24112
2026-01-04 20:55:00,CELL_109,LTE,B4,-119.79,-10.94,5.33,-96.0,47.05,1.2,0,7.54,20,6,1,24.458499999999997,7.432859399684044,56.459999999999994
2026-01-04 21:00:00,CELL_102,LTE,B2,-77.94,-12.5,24.3,-54.28,60.41,0.408,1,128.29,21,6,1,48.592000000000006,2.3877470355731223,24.64728
2026-01-04 21:05:00,CELL_126,5G,n77,-93.83,-8.33,,-77.64,48.59,0.272,1,124.28,21,6,1,,,13.216480000000002
2026-01-04 21:10:00,CELL_115,LTE,B66,-79.64,-8.08,8.64,-61.89,39.97,0.557,4,87.8,21,6,1,44.233999999999995,4.146265560165975,22.26329
2026-01-04 21:15:00,CELL_113,5G,n41,-90.4,-7.07,8.65,-72.7,46.14,2.064,1,118.65,21,6,1,39.647499999999994,4.781347150259068,95.23296
2026-01-04 21:20:00,CELL_129,5G,n41,-88.04,-8.38,8.46,-66.13,46.02,1.345,0,151.7,21,6,1,40.325,4.864693446088795,61.8969
2026-01-04 21:25:00,CELL_104,LTE,B2,-89.28,-7.76,8.04,-63.51,40.69,1.268,1,76.43,21,6,1,39.796,4.501106194690266,51.594919999999995
2026-01-04 21:30:00,CELL_107,5G,n41,-84.93,-8.8,4.02,-65.09,22.6,2.654,0,152.33,21,6,1,40.287499999999994,4.50199203187251,59.9804
2026-01-04 21:35:00,CELL_125,LTE,B4,-64.39,-10.2,2.5,-36.52,32.47,0.953,1,108.15,21,6,1,48.724500000000006,9.277142857142858,30.94391
2026-01-04 21:40:00,CELL_108,LTE,B12,-81.38,-10.73,11.63,-58.89,54.57,2.844,0,97.47,21,6,1,43.685500000000005,4.320665083135392,155.19708
2026-01-04 21:45:00,CELL_128,LTE,B2,-114.54,-11.71,8.85,-97.72,41.37,3.02,0,31.86,21,6,1,27.6845,4.2,124.9374
2026-01-04 21:50:00,CELL_125,LTE,B66,-88.19,-14.64,20.75,-66.05,26.31,0.122,2,116.88,21,6,1,42.3795,1.209655172413793,3.2098199999999997
2026-01-04 21:55:00,CELL_102,5G,n77,-79.16,-13.87,15.05,-52.63,7.73,0.076,1,192.42,21,6,1,44.92550000000001,0.48161993769470407,0.58748
2026-01-04 22:00:00,CELL_113,5G,n77,-78.36,-11.85,14.86,-50.37,45.48,0.219,1,172.73,22,6,1,45.7335,2.867591424968474,9.96012
2026-01-04 22:05:00,CELL_122,5G,n77,-99.55,-10.28,7.8,-75.61,24.8,1.903,1,124.75,22,6,1,34.4725,2.818181818181818,47.1944
2026-01-04 22:10:00,CELL_114,5G,n41,-78.86,-6.68,12.15,-60.73,37.96,0.569,0,154.73,22,6,1,45.988,2.8866920152091256,21.599239999999998
2026-01-04 22:15:00,CELL_106,LTE,B12,-81.94,-11.13,15.53,-65.02,60.6,0.5,1,93.74,22,6,1,44.5035,3.6660617059891107,30.3
2026-01-04 22:20:00,CELL_101,LTE,B66,-60.56,-7.99,18.01,-39.68,22.37,1.462,0,156.23,22,6,1,55.653499999999994,1.176749079431878,32.70494
2026-01-04 22:25:00,CELL_100,5G,n41,-103.75,-7.76,12.34,-77.38,32.32,0.386,0,144.93,22,6,1,34.5745,2.4227886056971513,12.475520000000001
2026-01-04 22:30:00,CELL_105,5G,n77,-100.6,-11.69,20.55,-80.43,30.44,0.845,0,141.57,22,6,1,37.472500000000004,1.4125290023201855,25.7218
2026-01-04 22:35:00,CELL_107,LTE,B12,-97.98,-9.22,13.06,-77.71,47.7,1.199,1,61.65,22,6,1,37.022,3.392603129445235,57.1923
2026-01-04 22:40:00,CELL_109,LTE,B66,-100.37,-11.73,18.55,-82.12,60.59,0.246,1,67.58,22,6,1,36.965999999999994,3.09923273657289,14.905140000000001
2026-01-04 22:45:00,CELL_125,LTE,B2,-105.57,-7.03,,-89.21,22.06,0.18,0,80.83,22,6,1,,,3.9707999999999997
2026-01-04 22:50:00,CELL_115,LTE,B12,-129.91,-9.09,0.31,-112.73,50.55,0.736,0,1.0,22,6,1,18.861,38.58778625954198,37.2048
2026-01-04 22:55:00,CELL_104,5G,n41,-99.65,-14.57,14.88,-80.97,48.47,0.829,0,140.36,22,6,1,35.479,3.0522670025188914,40.18163
2026-01-04 23:00:00,CELL_102,LTE,B4,-89.2,-10.52,18.08,-62.61,39.2,1.368,1,102.21,23,6,1,42.153999999999996,2.0545073375262057,53.625600000000006
2026-01-04 23:05:00,CELL_103,5G,n77,-100.41,-6.06,17.03,-83.61,30.94,0.212,1,136.26,23,6,1,37.9095,1.7160288408208542,6.55928
2026-01-04 23:10:00,CELL_109,5G,n41,-68.84,-11.54,15.96,-50.58,39.28,0.323,0,199.66,23,6,1,50.425,2.3160377358490565,12.68744
2026-01-04 23:15:00,CELL_122,5G,n77,-93.83,-9.66,10.56,-80.15,38.17,2.997,0,104.85,23,6,1,38.029500000000006,3.3019031141868513,114.39549
2026-01-04 23:20:00,CELL_101,LTE,B4,-77.22,-9.36,7.35,-55.63,50.74,1.645,0,104.75,23,6,1,44.616,6.076646706586827,83.46730000000001
2026-01-04 23:25:00,CELL_112,LTE,B2,-90.6,-14.11,16.86,-65.77,50.42,0.624,0,96.0,23,6,1,40.26050000000001,2.823068309070549,31.46208
2026-01-04 23:30:00,CELL_113,5G,n77,-83.26,-9.47,15.99,-57.13,18.27,1.866,1,135.61,23,6,1,44.4625,1.0753384343731605,34.09182
2026-01-04 23:35:00,CELL_104,5G,n41,-90.37,-15.18,9.07,-71.35,47.85,0.213,1,151.65,23,6,1,37.7595,4.751737835153922,10.19205
2026-01-04 23:40:00,CELL_101,LTE,B4,-76.21,-12.88,20.77,-55.33,59.5,0.554,1,126.22,23,6,1,48.216499999999996,2.7331189710610935,32.963
2026-01-04 23:45:00,CELL_106,5G,n41,-93.27,-7.77,6.82,-76.04,35.79,0.822,0,122.46,23,6,1,37.632000000000005,4.576726342710997,29.419379999999997
2026-01-04 23:50:00,CELL_104,LTE,B2,-87.55,-9.93,8.92,-66.91,19.59,0.492,1,79.87,23,6,1,40.29600000000001,1.9747983870967742,9.63828
2026-01-04 23:55:00,CELL_123,5G,n41,-89.24,-11.91,24.45,-69.67,31.28,0.51,1,152.97,23,6,1,43.6995,1.2290766208251473,15.952800000000002
2026-01-05 00:00:00,CELL_127,5G,B4,-97.75,-9.66,19.08,-79.46,44.92,1.311,1,113.11,0,0,0,38.8215,2.2370517928286855,58.89012
2026-01-05 00:05:00,CELL_118,LTE,B12,-88.74,-11.18,10.49,-70.05,24.83,,1,73.78,0,0,0,39.919000000000004,2.1610095735422106,
2026-01-05 00:10:00,CELL_122,LTE,B2,-64.95,-10.96,15.01,-44.69,36.6,0.438,1,112.72,0,0,0,52.0355,2.286071205496565,16.0308
2026-01-05 00:15:00,CELL_122,LTE,B12,-97.52,-9.03,14.08,-80.99,20.86,0.132,0,95.2,0,0,0,37.5825,1.383289124668435,2.75352
2026-01-05 00:20:00,CELL_126,LTE,B12,-88.55,-13.18,-6.22,-71.76,51.11,0.095,0,29.29,0,0,0,34.4915,7.078947368421053,4.85545
2026-01-05 00:25:00,CELL_102,LTE,B66,-77.65,-10.88,6.65,-51.11,44.49,0.032,0,82.02,0,0,0,43.832499999999996,5.815686274509804,1.42368
2026-01-05 00:30:00,CELL_129,LTE,B4,-79.18,-11.94,12.64,-47.62,17.31,2.62,0,114.21,0,0,0,44.675999999999995,1.2690615835777124,45.352199999999996
2026-01-05 00:35:00,CELL_113,5G,n41,-93.85,-15.76,10.5,-81.87,38.27,1.315,1,134.72,0,0,0,36.4775,3.327826086956522,50.325050000000005
2026-01-05 00:40:00,CELL_116,LTE,B2,-124.98,-13.76,14.73,-113.28,41.15,1.079,2,34.58,0,0,0,24.238,2.61602034329307,44.40085
2026-01-05 00:45:00,CELL_123,5G,n41,-87.28,-6.3,20.91,-74.07,40.75,0.379,1,163.91,0,0,0,44.922,1.8598813327247832,15.44425
2026-01-05 00:50:00,CELL_114,5G,n41,-122.85,-9.85,10.75,-105.37,27.13,0.376,1,94.76,0,0,0,24.980000000000004,2.3089361702127658,10.20088
2026-01-05 00:55:00,CELL_107,LTE,B66,-74.89,-14.97,5.6,-52.41,29.98,1.709,2,88.33,0,0,0,43.737,4.542424242424243,51.235820000000004
2026-01-05 01:00:00,CELL_100,LTE,B2,-91.8,-15.62,15.27,-70.84,30.44,0.077,2,85.72,1,0,0,38.866,1.8709280885064536,2.34388
2026-01-05 01:05:00,CELL_105,5G,n77,-81.0,-11.34,10.71,-62.14,24.93,0.459,1,150.02,1,0,0,43.428,2.1289496157130654,11.442870000000001
2026-01-05 01:10:00,CELL_102,5G,n41,-105.73,-6.32,11.91,-85.08,33.28,1.915,0,109.51,1,0,0,33.9145,2.5778466305189776,63.7312
2026-01-05 01:15:00,CELL_111,LTE,B4,-114.18,-11.56,10.96,-99.64,44.22,0.458,0,42.7,1,0,0,28.517,3.6973244147157187,20.25276
2026-01-05 01:20:00,CELL_123,5G,n77,-90.61,-7.08,28.69,-73.83,30.14,1.258,0,189.76,1,0,0,45.5625,1.0151566183900302,37.91612
2026-01-05 01:25:00,CELL_110,LTE,B4,-94.44,-9.94,-2.68,-76.54,35.65,0.649,1,59.46,1,0,0,33.713,9.6875,23.13685
2026-01-05 01:30:00,CELL_117,LTE,B4,-100.39,-9.59,10.28,-90.31,36.73,0.622,2,56.11,1,0,0,35.010999999999996,3.256205673758865,22.846059999999998
2026-01-05 01:35:00,CELL_105,5G,n77,-92.9,-15.01,12.97,-80.71,70.62,0.751,0,112.44,1,0,0,37.833499999999994,5.05511811023622,53.03562
2026-01-05 01:40:00,CELL_117,LTE,B66,-58.02,-8.19,7.53,-45.63,30.44,0.575,0,123.32,1,0,0,53.6025,3.5685814771395075,17.503
2026-01-05 01:45:00,CELL_128,5G,n41,-83.15,-12.0,19.3,-61.33,24.63,0.169,0,201.41,1,0,0,44.8725,1.2133004926108373,4.16247
2026-01-05 01:50:00,CELL_109,LTE,B2,-80.36,-8.41,18.69,-61.13,91.41,0.582,0,80.52,1,0,0,46.8425,4.642458100558659,53.200619999999994
2026-01-05 01:55:00,CELL_114,5G,n41,-83.03,-13.44,12.67,-61.97,39.32,0.036,0,154.37,1,0,0,42.5775,2.876371616678859,1.41552
2026-01-05 02:00:00,CELL_128,LTE,B66,-74.77,-10.47,11.11,-65.97,21.3,0.453,0,115.65,2,0,0,46.569,1.7588769611891,9.648900000000001
2026-01-05 02:05:00,CELL_118,LTE,B4,-96.47,-9.94,12.22,-85.89,54.64,1.346,0,67.67,2,0,0,37.2695,4.133131618759455,73.54544
2026-01-05 02:10:00,CELL_111,LTE,B2,-120.71,-11.46,12.27,-99.4,28.35,2.507,1,34.06,2,0,0,25.996500000000005,2.1363978899773928,71.07345000000001
2026-01-05 02:15:00,CELL_103,LTE,B12,-96.45,-9.79,12.45,-92.34,55.64,2.188,0,78.56,2,0,0,37.385,4.136802973977695,121.74032000000001
2026-01-05 02:20:00,CELL_128,5G,n41,-83.45,-11.8,11.68,-59.32,29.84,0.206,1,160.43,2,0,0,42.5015,2.3533123028391167,6.14704
2026-01-05 02:25:00,CELL_118,LTE,B4,-106.61,-12.95,14.77,-97.72,35.4,0.102,2,81.74,2,0,0,32.719,2.2447685478757133,3.6108
2026-01-05 02:30:00,CELL_101,LTE,B66,-96.29,-6.18,18.27,-74.08,66.14,0.822,3,81.5,2,0,0,40.10549999999999,3.43227815256876,54.367079999999994
2026-01-05 02:35:00,CELL_116,LTE,B66,-102.99,-7.85,4.39,-89.44,50.5,0.705,0,59.53,2,0,0,32.509,9.369202226345084,35.6025
2026-01-05 02:40:00,CELL_129,LTE,B4,-74.47,-13.28,5.65,-51.23,56.59,1.179,0,103.93,2,0,0,44.3635,8.509774436090225,66.71961
2026-01-05 02:45:00,CELL_127,5G,n41,-84.26,-9.29,0.76,-50.22,39.52,0.344,1,142.14,2,0,0,39.4885,22.454545454545457,13.59488
2026-01-05 02:50:00,CELL_105,LTE,B12,-85.53,-13.23,19.06,-78.9,35.33,0.726,0,137.35,2,0,0,43.422,1.7612163509471586,25.649579999999997
2026-01-05 02:55:00,CELL_112,5G,n41,-85.92,-14.55,14.75,-64.44,42.17,0.688,0,166.81,2,0,0,41.6235,2.6774603174603175,29.01296
2026-01-05 03:05:00,CELL_123,5G,n77,-91.43,-16.11,2.99,-71.3,35.02,0.068,0,136.46,3,0,0,35.226,8.776942355889725,2.3813600000000004
2026-01-05 03:10:00,CELL_116,LTE,B2,-109.41,-8.22,25.49,-92.44,69.02,1.329,0,81.96,3,0,0,35.8575,2.6055115137787843,91.72757999999999
2026-01-05 03:15:00,CELL_109,LTE,B2,-122.42,-11.76,8.74,-103.77,54.76,0.828,1,50.52,3,0,0,24.093,5.622176591375769,45.34128
2026-01-05 03:20:00,CELL_122,5G,n41,-92.05,-11.63,14.18,-78.61,36.18,1.41,0,129.87,3,0,0,39.424,2.383399209486166,51.013799999999996
2026-01-05 03:25:00,CELL_117,5G,n41,-89.79,-9.77,18.98,-67.89,36.77,1.708,0,159.51,3,0,0,42.346,1.8403403403403404,62.803160000000005
2026-01-05 03:30:00,CELL_115,5G,n41,-78.28,-9.26,6.09,-67.52,35.06,0.631,1,137.64,3,0,0,43.786,4.944992947813823,22.122860000000003
2026-01-05 03:35:00,CELL_127,LTE,B66,-73.57,-13.48,9.18,-49.36,23.23,1.337,3,107.49,3,0,0,45.7775,2.281925343811395,31.05851
2026-01-05 03:40:00,CELL_111,LTE,B2,-73.59,-8.85,14.25,-57.64,40.65,2.554,1,99.36,3,0,0,48.446999999999996,2.665573770491803,103.82009999999998
2026-01-05 03:45:00,CELL_118,5G,n41,-106.97,-10.66,33.0,-95.99,36.32,3.221,1,155.34,3,0,0,38.5985,1.0682352941176472,116.98672
2026-01-05 03:50:00,CELL_101,LTE,B2,-98.58,-14.77,15.11,-72.6,35.76,0.925,1,63.59,3,0,0,35.9795,2.2197392923649906,33.078
2026-01-05 03:55:00,CELL_121,5G,n41,-87.76,-11.51,24.24,-70.09,38.07,0.992,0,179.31,3,0,0,44.402499999999996,1.5083201267828845,37.76544
