timestamp,cell_id,network_type,frequency_band,rsrp_dbm,rsrq_db,sinr_db,rssi_dbm,latency_ms,packet_loss_pct,handover_count,throughput_mbps
2026-01-01 00:00:00,CELL_100,5G,n77,-106.81,-3.4,22.67,-82.78,61.61,0.762,0,131.77
2026-01-01 00:05:00,CELL_119,LTE,B12,-105.19,-6.56,24.74,-85.35,60.32,1.336,0,71.66
2026-01-01 00:10:00,CELL_126,5G,n41,-62.05,-7.64,18.02,-49.0,21.03,0.13,0,177.29
2026-01-01 00:15:00,CELL_104,5G,n77,-70.58,-12.16,4.67,-47.28,31.73,0.649,0,167.76
2026-01-01 00:20:00,CELL_122,LTE,B12,-99.35,-13.65,16.43,-88.84,43.82,0.525,1,72.12
2026-01-01 00:25:00,,5G,n77,-98.73,-8.63,18.96,-72.72,55.89,2.512,0,114.72
2026-01-01 00:30:00,CELL_128,5G,n41,-108.94,-14.3,18.08,-89.94,39.56,1.116,0,106.39
2026-01-01 00:35:00,CELL_107,5G,n41,-118.81,-11.72,18.49,-114.06,35.64,1.29,0,98.01
2026-01-01 00:40:00,CELL_106,LTE,B12,-95.52,-11.34,15.54,-79.22,39.0,0.617,1,74.26
2026-01-01 00:45:00,CELL_100,LTE,B12,-106.97,-6.22,12.49,-85.7,41.24,0.471,1,60.89
2026-01-01 00:50:00,CELL_121,4G,B4,-95.1,-12.06,8.74,-78.29,61.57,0.904,0,48.4
2026-01-01 00:55:00,CELL_126,5G,n41,-114.8,-18.32,-0.29,-93.23,33.06,0.383,1,87.47
2026-01-01 01:00:00,CELL_100,5G,n77,-103.91,,15.38,-90.16,27.08,0.264,1,133.02
2026-01-01 01:05:00,CELL_114,5G,n77,-92.07,-13.1,14.3,-80.6,24.53,0.426,0,178.39
2026-01-01 01:10:00,CELL_121,LTE,B2,-89.24,-10.87,16.9,-71.6,33.69,1.748,0,74.83
2026-01-01 01:15:00,CELL_123,LTE,B12,-88.57,-11.26,3.64,-70.42,20.97,0.347,1,81.09
2026-01-01 01:20:00,CELL_127,LTE,B66,-111.17,-11.82,17.52,-94.91,30.74,0.405,1,75.47
2026-01-01 01:25:00,CELL_121,LTE,B66,-82.89,-8.63,27.38,-58.75,64.48,0.228,2,104.87
2026-01-01 01:30:00,CELL_127,5G,n77,-104.4,-15.6,13.55,-90.65,29.9,1.541,0,126.58
2026-01-01 01:35:00,CELL_129,5G,n77,-85.77,-12.55,12.57,-66.21,43.57,1.207,0,153.76
2026-01-01 01:40:00,CELL_127,5G,n41,-94.14,-8.95,15.16,-75.8,5.0,0.428,2,156.49
2026-01-01 01:45:00,CELL_113,LTE,B66,-111.89,-12.84,27.23,-101.68,50.52,2.121,0,93.98
2026-01-01 01:50:00,CELL_112,5G,n77,-98.11,-15.83,5.83,-86.71,30.58,0.349,0,97.51
2026-01-01 01:55:00,CELL_112,5G,n77,-89.25,-8.99,14.42,-71.19,25.78,0.55,0,144.51
2026-01-01 02:00:00,CELL_128,5G,n41,-86.03,-7.63,7.4,-58.13,35.71,0.883,1,154.21
2026-01-01 02:05:00,CELL_108,LTE,B2,-95.83,-11.13,9.17,-74.94,34.56,0.248,0,88.52
2026-01-01 02:10:00,,LTE,B66,-74.09,-16.88,12.65,-64.72,10.14,0.091,3,126.41
2026-01-01 02:15:00,CELL_118,LTE,B66,-80.9,-8.88,22.43,-78.45,55.83,0.687,2,125.56
2026-01-01 02:20:00,CELL_101,LTE,B12,-97.34,-15.98,25.61,-75.67,45.65,1.323,0,76.82
2026-01-01 02:25:00,CELL_114,5G,n41,,-10.07,16.14,-66.73,28.29,1.246,1,168.04
2026-01-01 02:30:00,CELL_105,5G,n77,-68.86,-13.66,10.36,-45.15,18.51,0.31,2,187.09
2026-01-01 02:35:00,CELL_121,5G,n41,-68.51,-14.48,30.45,-54.92,10.95,0.155,2,213.04
2026-01-01 02:40:00,CELL_113,LTE,B66,-109.96,-12.33,10.01,-90.21,45.36,0.253,0,87.25
2026-01-01 02:45:00,CELL_110,LTE,B2,-106.04,-11.55,9.0,-83.81,66.2,0.528,1,49.25
2026-01-01 02:50:00,CELL_101,LTE,B12,-74.7,-12.93,0.58,-58.93,45.05,0.194,1,55.83
2026-01-01 02:55:00,CELL_103,LTE,B4,,-9.23,22.77,-91.89,21.26,1.057,1,94.2
2026-01-01 03:00:00,CELL_122,LTE,B66,-111.19,-12.34,19.78,-93.07,45.38,2.716,0,53.1
2026-01-01 03:05:00,CELL_125,LTE,B66,-100.32,-8.06,29.92,-79.61,41.2,3.019,1,110.09
2026-01-01 03:10:00,CELL_108,LTE,B66,-88.54,-10.16,3.27,-70.61,54.96,1.856,2,61.09
2026-01-01 03:15:00,CELL_124,5G,n41,-95.33,-13.09,23.21,-72.46,42.1,1.094,0,147.99
2026-01-01 03:20:00,CELL_116,LTE,B4,-102.46,-13.6,13.49,-86.77,5.0,0.194,0,108.43
2026-01-01 03:25:00,CELL_110,5G,n41,-102.76,-15.94,18.64,-91.41,41.18,0.143,1,150.35
2026-01-01 03:30:00,CELL_113,5G,n41,-103.26,-10.13,1.47,-75.38,17.95,1.612,0,96.32
2026-01-01 03:35:00,CELL_120,LTE,B4,-105.43,-12.06,23.28,-90.46,20.67,0.242,1,96.48
2026-01-01 03:40:00,CELL_127,5G,n41,-64.34,-18.12,18.51,-49.18,30.17,0.243,1,200.97
2026-01-01 03:45:00,CELL_114,5G,n77,-90.13,-12.61,12.73,-72.46,39.16,0.823,0,138.45
bad_timestamp,CELL_110,LTE,B66,-82.47,-13.7,17.52,-64.14,17.39,2.729,0,103.44
2026-01-01 03:55:00,CELL_122,LTE,B66,-100.36,-6.27,7.64,-84.29,52.57,2.272,2,47.01
2026-01-01 04:00:00,CELL_115,5G,n77,-96.42,-16.11,8.94,-78.5,44.45,0.801,1,109.7
2026-01-01 04:05:00,CELL_111,LTE,B12,-103.28,-15.32,9.76,-85.48,42.7,1.9,0,29.96
2026-01-01 04:10:00,CELL_113,LTE,B2,-128.47,-7.67,0.03,-109.6,28.99,1.224,1,12.66
2026-01-01 04:15:00,CELL_116,LTE,B66,-111.91,-6.93,19.03,-105.7,27.31,0.42,0,54.86
2026-01-01 04:20:00,CELL_104,5G,n41,-117.54,-13.23,21.34,-90.13,48.39,0.39,1,108.57
2026-01-01 04:25:00,CELL_101,5G,n41,-123.25,-12.9,8.09,-105.98,10.33,3.065,0,67.57
2026-01-01 04:30:00,CELL_119,5G,n77,-109.54,-9.15,15.44,-88.64,48.97,1.236,0,96.27
2026-01-01 04:35:00,CELL_105,5G,n41,-76.78,-17.98,11.14,-65.67,30.52,0.11,2,166.37
2026-01-01 04:40:00,CELL_115,LTE,B66,-94.58,-16.58,15.3,-78.93,40.56,0.226,0,87.06
2026-01-01 04:45:00,CELL_123,LTE,B2,-77.22,-11.84,8.61,-62.58,16.38,3.654,1,86.54
2026-01-01 04:50:00,CELL_106,LTE,B12,-88.66,-6.35,6.82,-63.31,39.8,0.329,0,63.91
2026-01-01 04:55:00,CELL_111,LTE,B2,-83.83,-12.31,20.36,-68.76,51.2,0.25,0,102.43
2026-01-01 05:00:00,CELL_129,5G,n77,-105.71,-10.7,12.55,-83.92,12.95,2.063,1,128.7
2026-01-01 05:05:00,CELL_101,LTE,B12,-87.19,-7.6,27.15,-72.44,49.48,0.091,1,119.14
2026-01-01 05:10:00,CELL_122,LTE,B4,-84.53,-4.68,13.32,-68.79,43.34,0.495,0,106.47
2026-01-01 05:15:00,CELL_105,5G,n41,-101.5,-12.73,6.52,-84.72,23.34,0.389,2,131.32
2026-01-01 05:20:00,CELL_127,lte,n41,-86.73,-11.05,21.59,-62.31,45.82,2.907,1,147.57
2026-01-01 05:25:00,CELL_112,LTE,B2,-86.64,-5.53,17.42,-78.09,8.97,0.616,1,92.12
2026-01-01 05:30:00,CELL_100,LTE,B4,-101.14,-15.57,18.09,-89.72,47.2,0.283,0,74.57
2026-01-01 05:35:00,CELL_121,LTE,B66,-108.6,-7.92,21.33,-100.33,66.29,0.596,0,69.59
2026-01-01 05:40:00,CELL_104,LTE,B2,-109.39,-14.05,8.43,-96.83,63.6,0.783,0,33.42
2026-01-01 05:45:00,CELL_110,LTE,B12,-92.88,-10.69,12.11,-78.93,47.85,0.384,0,68.8
2026-01-01 05:50:00,CELL_115,LTE,B4,-89.75,-11.73,11.8,-79.82,37.47,0.392,0,90.18
2026-01-01 05:55:00,CELL_122,LTE,B2,-104.3,-13.87,3.96,-89.97,32.46,0.664,1,81.29
2026-01-01 06:00:00,CELL_112,5G,n41,-93.65,-13.95,11.15,-85.73,28.46,0.472,0,135.23
2026-01-01 06:05:00,CELL_125,LTE,B12,-86.58,-10.17,22.35,-73.67,50.16,0.856,0,108.01
2026-01-01 06:10:00,CELL_114,LTE,B66,-85.96,-8.01,14.66,-61.96,29.89,0.562,1,85.22
2026-01-01 06:15:00,CELL_110,LTE,B12,-73.83,-11.39,3.58,-53.81,53.36,2.652,1,88.26
2026-01-01 06:20:00,CELL_110,LTE,B4,-77.4,-10.79,2.11,-58.46,74.0,0.882,0,78.27
2026-01-01 06:25:00,CELL_124,5G,n41,-107.02,-9.29,24.65,-94.03,32.07,0.735,1,156.37
2026-01-01 06:30:00,CELL_119,LTE,B2,-72.11,-13.91,12.37,-61.79,21.83,0.631,1,134.19
2026-01-01 06:35:00,CELL_103,5G,n77,-100.9,-8.78,8.47,-88.6,12.83,0.564,2,123.02
2026-01-01 06:40:00,CELL_122,5G,n41,-80.42,-8.54,11.08,-62.63,44.65,0.192,0,149.83
2026-01-01 06:45:00,CELL_112,LTE,B2,-93.12,-3.19,2.66,-70.78,41.1,1.522,0,78.72
2026-01-01 06:50:00,CELL_110,5G,n41,-99.36,-12.13,22.96,-76.85,46.15,2.266,0,149.01
2026-01-01 06:55:00,CELL_102,LTE,B2,-117.5,-12.37,10.25,-96.35,34.0,0.465,2,19.47
2026-01-01 07:00:00,CELL_129,LTE,B4,-96.23,-8.69,22.57,-81.92,54.46,1.92,3,88.19
2026-01-01 07:05:00,CELL_101,LTE,B4,-114.27,-8.54,13.36,-96.15,39.63,4.391,0,30.84
2026-01-01 07:10:00,CELL_129,4G,n41,-81.43,-12.61,23.01,-65.03,22.01,3.274,0,181.4
2026-01-01 07:15:00,CELL_101,LTE,B12,-74.28,-12.21,14.8,-57.29,35.99,2.189,0,112.7
2026-01-01 07:20:00,CELL_115,LTE,B4,-104.36,-9.38,18.97,-76.17,24.04,0.224,0,70.3
2026-01-01 07:25:00,CELL_103,LTE,B12,-90.07,-13.48,18.03,-80.88,71.84,0.221,0,91.67
2026-01-01 07:30:00,CELL_114,LTE,B4,-103.43,-12.23,17.36,-86.6,40.55,1.34,0,78.86
2026-01-01 07:35:00,CELL_125,5G,n77,-102.17,-10.73,15.44,-78.11,42.67,0.785,0,135.34
2026-01-01 07:40:00,CELL_117,LTE,B66,-83.93,-8.01,11.37,-73.26,33.95,0.048,0,106.47
2026-01-01 07:45:00,CELL_116,LTE,B12,-94.5,-12.81,26.41,-79.72,26.22,0.522,0,135.61
2026-01-01 07:50:00,CELL_103,LTE,B2,-71.38,-16.53,6.65,-56.03,38.49,1.291,0,103.18
2026-01-01 07:55:00,CELL_128,5G,n77,-100.27,-16.75,13.03,-83.39,49.52,0.673,0,126.48
2026-01-01 08:00:00,CELL_111,LTE,B4,-81.01,-14.78,13.1,-70.99,34.19,0.789,2,113.37
2026-01-01 08:05:00,CELL_116,LTE,B2,-92.73,-14.94,15.82,-71.76,28.94,0.221,0,125.13
2026-01-01 08:10:00,CELL_126,LTE,B2,-83.65,-11.46,9.99,-62.32,44.33,0.515,0,101.24
2026-01-01 08:15:00,CELL_118,5G,n41,-99.81,-14.57,15.2,-79.27,40.49,1.345,0,134.16
2026-01-01 08:20:00,CELL_122,5G,n77,-94.64,-13.11,11.82,-81.0,57.64,0.49,0,133.98
2026-01-01 08:25:00,CELL_105,5G,n77,-95.5,-13.32,1.93,-77.07,38.31,2.043,1,108.18
2026-01-01 08:30:00,CELL_113,LTE,B66,-104.87,-12.32,13.07,-91.37,51.66,0.805,0,63.7
2026-01-01 08:35:00,CELL_116,5G,n77,-85.39,-7.03,5.3,-69.06,43.79,1.134,1,154.24
2026-01-01 08:40:00,CELL_105,5G,n77,-85.55,-9.01,0.86,-56.78,15.7,1.32,0,122.37
2026-01-01 08:45:00,CELL_111,5G,n77,-86.28,-10.95,13.96,-67.81,18.55,1.276,0,170.76
2026-01-01 08:50:00,CELL_124,4G,B12,-74.02,-12.38,16.42,-61.96,25.74,0.275,1,122.49
2026-01-01 08:55:00,CELL_127,LTE,B2,-75.16,-12.3,16.69,-56.26,22.02,0.335,2,104.72
2026-01-01 09:00:00,CELL_124,LTE,B4,-98.87,-10.02,16.97,-87.63,53.93,0.046,1,78.71
2026-01-01 09:05:00,CELL_128,5G,n41,-89.15,-9.25,-0.53,-77.15,37.35,0.576,0,111.79
2026-01-01 09:10:00,CELL_129,LTE,B2,-102.11,-13.72,3.47,-89.31,43.19,0.308,0,60.14
2026-01-01 09:15:00,CELL_105,LTE,B2,-93.7,-10.89,26.81,-77.92,5.0,0.475,1,128.05
2026-01-01 09:20:00,CELL_125,LTE,B2,-101.8,-17.09,5.67,-79.11,72.83,0.636,0,31.82
2026-01-01 09:25:00,CELL_118,LTE,B12,-72.94,-10.36,17.28,-52.05,28.59,0.903,1,140.46
2026-01-01 09:30:00,CELL_125,LTE,B4,-89.27,-8.71,8.19,-68.66,72.78,0.683,2,75.55
2026-01-01 09:35:00,CELL_119,5G,n77,-96.83,-11.84,13.56,-84.33,11.26,0.671,2,163.46
2026-01-01 09:40:00,CELL_103,5G,n77,-78.48,-5.55,8.57,-63.19,20.81,1.058,4,151.94
2026-01-01 09:45:00,CELL_116,5G,n77,-122.22,-13.64,16.93,-102.86,5.0,0.757,1,120.79
2026-01-01 09:50:00,CELL_122,LTE,B12,-120.18,,13.96,-105.32,47.43,1.614,1,48.89
2026-01-01 09:55:00,CELL_103,5G,n77,-83.65,-11.11,9.86,-67.05,16.48,0.76,1,146.68
2026-01-01 10:00:00,CELL_115,5G,n41,-93.21,-11.3,5.65,-73.01,16.9,2.517,0,125.9
2026-01-01 10:05:00,CELL_119,5G,n77,-90.74,-11.34,14.87,-74.49,12.41,0.263,1,156.74
2026-01-01 10:10:00,CELL_113,LTE,B12,20.0,-10.68,4.51,-92.11,53.66,0.566,2,16.18
2026-01-01 10:15:00,CELL_123,LTE,B12,-94.3,-8.46,15.99,-68.34,52.67,0.4,0,87.1
2026-01-01 10:20:00,CELL_103,LTE,B2,-67.95,,unknown,-50.81,69.18,0.935,1,136.66
2026-01-01 10:25:00,CELL_110,LTE,B4,-83.29,-11.01,22.45,-59.39,31.71,0.262,1,118.82
2026-01-01 10:30:00,CELL_128,LTE,B2,-91.79,-8.55,18.03,-71.0,45.28,0.141,0,102.05
2026-01-01 10:35:00,CELL_115,LTE,B4,-99.71,-13.11,12.4,-89.04,22.66,0.324,0,99.0
2026-01-01 10:40:00,CELL_105,LTE,B12,-99.13,-8.7,-0.57,-86.64,36.97,0.155,3,36.56
2026-01-01 10:45:00,CELL_103,5G,n77,999.0,-13.29,3.74,-107.85,25.22,0.644,1,82.32
2026-01-01 10:50:00,CELL_117,LTE,B12,-90.65,-7.73,21.98,-76.92,48.97,0.901,2,89.25
2026-01-01 10:55:00,CELL_127,5G,n77,-83.01,-4.37,7.47,-65.46,48.26,0.113,1,129.51
2026-01-01 11:00:00,CELL_101,5G,n41,-114.48,-11.37,8.11,-93.41,47.87,0.532,0,90.96
2026-01-01 11:05:00,CELL_103,LTE,B4,-102.6,-17.58,11.84,-78.32,29.36,1.79,1,64.06
2026-01-01 11:10:00,CELL_111,5G,n77,-109.05,-12.64,5.57,-89.51,47.98,2.211,0,98.36
bad_timestamp,CELL_106,LTE,B12,-106.55,-7.3,4.41,-90.78,41.34,1.434,1,46.15
2026-01-01 11:20:00,CELL_103,5G,n41,-93.3,-9.34,12.65,-85.72,28.13,0.019,1,132.7
2026-01-01 11:25:00,CELL_108,LTE,B66,-121.1,-10.25,6.76,-102.74,31.37,0.83,0,52.25
2026-01-01 11:30:00,CELL_119,5G,n77,-86.01,-7.97,7.81,-67.89,24.6,1.957,2,146.01
2026-01-01 11:35:00,CELL_124,LTE,B12,-84.2,-9.55,7.53,-65.29,68.13,0.48,0,63.72
2026-01-01 11:40:00,CELL_109,LTE,B2,-97.26,-7.35,16.66,-68.73,46.61,0.196,0,101.26
2026-01-01 11:45:00,CELL_121,LTE,B4,-126.25,-8.24,11.38,-102.05,44.62,1.843,3,27.15
2026-01-01 11:50:00,CELL_124,5G,n77,-106.95,-6.43,11.75,-85.03,29.07,2.06,1,112.19
2026-01-01 11:55:00,CELL_100,LTE,B12,-77.97,-9.92,17.18,-64.78,78.69,0.752,1,99.85
2026-01-01 12:00:00,CELL_125,LTE,B2,-130.11,-8.28,12.01,-114.68,61.58,0.199,0,25.85
2026-01-01 12:05:00,CELL_105,LTE,B2,-98.52,-11.92,11.05,-80.99,31.18,0.093,0,86.67
2026-01-01 12:10:00,CELL_120,LTE,B12,-109.34,-12.8,16.29,-95.22,37.9,1.019,2,67.54
2026-01-01 12:15:00,CELL_122,LTE,B12,-83.54,-5.88,17.68,-63.04,38.79,0.403,0,105.41
2026-01-01 12:20:00,CELL_125,LTE,B4,-102.78,-10.35,11.97,-82.99,44.19,0.709,1,41.53
2026-01-01 12:25:00,CELL_112,LTE,B4,-88.75,-8.59,13.56,-76.19,31.48,0.641,0,101.95
2026-01-01 12:30:00,CELL_119,5G,n41,-86.65,-10.63,7.53,-62.66,39.58,0.305,4,127.44
2026-01-01 12:35:00,CELL_100,5G,n77,-70.13,-12.76,6.98,-51.62,54.78,0.085,0,164.36
2026-01-01 12:40:00,CELL_113,LTE,B4,-96.64,-10.97,18.38,-87.28,22.3,0.493,0,105.5
2026-01-01 12:45:00,CELL_128,LTE,B66,-89.11,-6.69,16.11,-71.37,25.08,0.86,2,94.27
2026-01-01 12:50:00,CELL_104,LTE,B2,-113.31,-9.33,16.19,-93.9,34.75,0.896,0,77.55
2026-01-01 12:55:00,CELL_104,5G,n41,-78.52,-16.13,14.97,-55.66,26.45,0.376,0,173.31
2026-01-01 13:00:00,CELL_121,4G,B4,-103.89,-11.65,13.32,-87.57,71.98,2.028,0,52.42
2026-01-01 13:05:00,CELL_115,5G,n77,-101.29,-5.65,17.87,-79.15,48.03,0.224,1,134.5
2026-01-01 13:10:00,CELL_113,5G,n77,,-11.64,19.55,-75.35,47.16,1.679,0,163.92
2026-01-01 13:15:00,CELL_107,5G,n41,-114.32,-16.4,19.38,-102.89,29.03,0.835,2,116.17
2026-01-01 13:20:00,CELL_105,LTE,B4,-91.03,-5.32,12.29,-80.1,37.71,0.497,0,84.14
2026-01-01 13:25:00,CELL_122,5G,n77,-81.42,-8.95,22.71,-57.81,11.22,1.136,0,170.8
2026-01-01 13:30:00,CELL_110,LTE,B2,-90.19,-11.21,14.6,-66.21,53.73,0.605,0,95.41
2026-01-01 13:35:00,CELL_123,LTE,B4,-114.66,-12.11,17.43,-95.04,49.37,0.138,0,56.87
2026-01-01 13:40:00,CELL_113,LTE,B66,-95.61,-7.75,14.97,-70.13,61.29,0.205,0,73.43
2026-01-01 13:45:00,CELL_111,LTE,B12,-84.35,-12.63,14.73,-61.07,38.84,0.568,0,95.09
2026-01-01 13:50:00,CELL_106,5G,n41,-118.41,-7.56,7.85,-97.0,30.87,0.434,0,100.66
2026-01-01 13:55:00,CELL_119,5G,n77,-107.97,-9.37,17.91,-94.53,35.55,1.649,0,111.84
2026-01-01 14:00:00,CELL_108,LTE,B4,-82.6,-10.27,32.92,-55.95,55.38,0.413,1,106.98
2026-01-01 14:05:00,CELL_127,5G,n77,-90.49,-10.56,10.38,-69.81,10.95,0.387,0,157.01
2026-01-01 14:10:00,CELL_112,LTE,B66,-88.64,-11.52,13.5,-72.57,53.04,0.335,1,60.99
2026-01-01 14:15:00,CELL_124,LTE,B4,-69.83,-7.86,9.88,-55.17,41.69,0.304,0,121.13
2026-01-01 14:20:00,CELL_114,LTE,B66,-87.91,-13.6,9.58,-68.62,26.12,0.316,1,109.24
2026-01-01 14:25:00,CELL_112,5G,n77,-85.45,-15.87,23.81,-75.8,5.0,0.168,0,188.2
2026-01-01 14:30:00,CELL_113,LTE,B4,-58.76,-9.16,8.29,-37.26,39.95,0.867,2,132.29
2026-01-01 14:35:00,CELL_113,LTE,B4,-96.78,-9.11,9.68,-83.55,63.72,0.654,0,62.72
2026-01-01 14:40:00,CELL_114,lte,B12,-104.37,-9.56,1.89,-84.52,67.12,0.629,0,54.29
2026-01-01 14:45:00,CELL_126,5G,n77,-88.44,-9.78,7.7,-73.05,38.33,0.102,1,131.37
2026-01-01 14:50:00,CELL_121,5G,n41,-88.29,-11.96,1.04,-71.62,62.43,1.054,0,81.41
2026-01-01 14:55:00,CELL_101,5G,n41,-100.85,-8.64,17.42,-86.63,32.36,1.146,1,136.64
2026-01-01 15:00:00,CELL_101,5G,n41,-107.42,,32.6,-90.23,47.3,2.424,0,169.96
2026-01-01 15:05:00,CELL_100,5G,n41,-63.97,-12.46,10.43,-36.53,26.23,1.094,0,183.76
2026-01-01 15:10:00,CELL_120,LTE,B4,-89.75,-11.94,1.33,-64.83,34.28,2.806,0,49.96
2026-01-01 15:15:00,CELL_106,LTE,B4,-103.52,-4.94,19.3,-83.75,31.84,0.367,1,91.15
bad_timestamp,CELL_111,5G,n41,-82.09,-16.2,7.91,-64.22,5.0,2.525,1,158.91
2026-01-01 15:25:00,CELL_124,5G,n77,-95.42,-9.5,22.1,-73.2,52.31,1.124,0,147.24
2026-01-01 15:30:00,CELL_103,LTE,B2,-97.29,-16.04,11.03,-73.64,32.38,1.007,0,108.0
2026-01-01 15:35:00,CELL_104,LTE,B66,-86.69,-11.32,8.58,-72.84,29.98,0.614,0,82.49
2026-01-01 15:40:00,CELL_102,5G,n41,-110.79,-12.3,11.75,-93.18,15.3,0.495,0,136.64
2026-01-01 15:45:00,CELL_108,LTE,B4,-89.42,-17.26,18.3,-80.53,38.93,0.398,1,110.15
2026-01-01 15:50:00,CELL_102,5G,n41,-69.13,-9.83,11.41,-45.52,59.45,2.591,1,140.49
2026-01-01 15:55:00,CELL_118,LTE,B2,-87.94,-12.14,9.52,-59.61,73.41,0.595,1,63.96
2026-01-01 16:00:00,CELL_122,LTE,B2,-98.89,-17.3,11.61,-80.49,17.09,1.142,1,91.68
2026-01-01 16:05:00,CELL_105,5G,n77,-100.59,-8.48,4.1,-93.22,27.68,1.359,4,107.15
2026-01-01 16:10:00,CELL_115,LTE,B66,-99.33,-6.69,15.78,-78.29,26.48,1.344,1,86.68
2026-01-01 16:15:00,CELL_109,LTE,B4,-97.3,-6.53,0.49,-83.82,56.83,0.871,1,23.35
2026-01-01 16:20:00,CELL_102,5G,n77,-98.91,-9.92,9.89,-84.23,37.3,2.49,0,125.0
2026-01-01 16:25:00,CELL_114,5G,n77,-82.09,-10.86,18.32,-60.96,23.45,1.067,1,172.39
2026-01-01 16:30:00,CELL_120,LTE,B66,-116.53,-7.02,15.12,-97.26,43.09,0.387,1,55.26
2026-01-01 16:35:00,CELL_106,LTE,B4,-82.79,-5.95,17.13,-67.23,34.84,0.519,2,111.11
2026-01-01 16:40:00,CELL_123,5G,n77,-98.94,-7.6,12.54,-84.18,57.21,0.111,0,121.76
2026-01-01 16:45:00,CELL_129,5G,n77,-89.1,-13.82,21.19,-70.47,41.2,0.956,0,153.33
2026-01-01 16:50:00,CELL_101,LTE,B12,-108.65,-10.4,19.47,-92.7,52.05,1.223,0,66.59
2026-01-01 16:55:00,CELL_104,LTE,B66,,-9.68,16.12,-64.27,5.0,1.313,0,119.28
2026-01-01 17:00:00,CELL_108,LTE,B66,-77.81,-16.43,19.49,-61.47,41.0,1.124,1,140.7
2026-01-01 17:05:00,CELL_125,LTE,B12,-81.53,-9.59,18.25,-61.83,73.25,0.616,0,108.75
2026-01-01 17:10:00,CELL_104,LTE,B2,-113.69,-4.18,9.92,-96.58,61.89,0.731,0,29.44
2026-01-01 17:15:00,CELL_114,5G,n41,-83.22,-9.08,3.59,-72.29,5.29,0.733,1,170.3
2026-01-01 17:20:00,CELL_116,LTE,B12,-88.74,-6.58,15.94,-65.79,37.3,1.653,0,87.73
2026-01-01 17:25:00,CELL_103,LTE,B12,-114.87,-10.45,16.82,-110.56,23.98,0.057,0,73.74
2026-01-01 17:30:00,CELL_101,5G,n77,-94.32,-11.22,20.63,-78.55,58.67,0.462,0,158.23
2026-01-01 17:35:00,CELL_103,5G,n41,-89.26,-9.86,6.45,-74.36,36.66,0.241,1,109.44
2026-01-01 17:40:00,CELL_101,LTE,B12,-86.77,-13.45,6.65,-68.03,30.48,3.281,1,65.83
2026-01-01 17:45:00,CELL_115,5G,n41,-91.7,-13.89,16.22,-70.89,33.51,1.92,2,134.23
2026-01-01 17:50:00,CELL_128,5G,n77,-90.21,-7.2,12.5,-66.58,5.0,0.482,0,160.82
2026-01-01 17:55:00,CELL_110,5G,n41,-74.84,-6.88,-0.2,-60.41,16.73,0.146,0,153.7
2026-01-01 18:00:00,CELL_107,LTE,B4,-78.06,-13.97,15.63,-57.13,42.55,0.206,1,109.27
2026-01-01 18:05:00,CELL_107,LTE,B4,-131.27,-8.1,0.03,-112.29,54.69,1.635,1,1.0
2026-01-01 18:10:00,CELL_129,5G,n77,-98.13,-11.26,6.38,-88.68,5.0,0.106,0,149.56
2026-01-01 18:15:00,CELL_128,LTE,B4,-96.14,-9.98,22.46,-68.64,36.28,0.742,0,105.4
2026-01-01 18:20:00,CELL_119,LTE,B66,-116.78,-9.62,25.77,-105.97,57.15,1.427,0,69.05
2026-01-01 18:25:00,CELL_113,LTE,B2,-92.78,-8.02,4.49,-72.68,20.23,0.181,0,80.02
2026-01-01 18:30:00,CELL_104,5G,n41,-77.77,-10.75,10.69,-57.82,36.44,0.734,0,178.88
2026-01-01 18:35:00,CELL_127,5G,n41,-108.13,-6.77,13.3,-88.75,33.99,0.49,1,123.9
2026-01-01 18:40:00,CELL_100,LTE,B2,-89.63,-10.07,25.47,-74.1,67.72,0.428,1,97.35
2026-01-01 18:45:00,CELL_104,5G,n41,-105.91,-9.13,9.55,-83.77,29.55,0.356,0,98.41
2026-01-01 18:50:00,CELL_120,LTE,B4,-102.73,-13.5,9.66,-92.54,39.43,1.524,0,43.41
2026-01-01 18:55:00,,LTE,B66,-74.79,-4.52,23.84,-57.12,54.82,2.245,2,108.69
2026-01-01 19:00:00,CELL_103,5G,n41,-101.05,-9.59,10.38,-85.87,13.1,0.57,1,132.3
2026-01-01 19:05:00,CELL_117,LTE,B12,-87.99,-8.86,18.06,-73.38,38.69,1.011,2,90.86
2026-01-01 19:10:00,CELL_100,LTE,B2,-118.33,-15.82,2.66,-98.18,35.16,0.75,0,34.89
2026-01-01 19:15:00,CELL_108,LTE,B4,-69.79,-13.47,11.8,-46.4,39.92,0.071,0,110.11
2026-01-01 19:20:00,CELL_119,5G,n41,-86.17,-7.29,1.38,-69.88,45.73,0.548,0,112.05
2026-01-01 19:25:00,CELL_105,5G,n41,-96.37,-10.14,5.61,-74.47,41.31,0.049,1,128.13
2026-01-01 19:30:00,CELL_122,5G,n77,-86.52,-16.74,18.87,-68.27,21.77,0.45,0,186.29
2026-01-01 19:35:00,CELL_102,5G,n41,-112.33,-7.89,12.65,-98.79,35.05,0.716,0,101.7
2026-01-01 19:40:00,CELL_118,LTE,B4,-78.63,-12.63,10.77,-61.92,64.36,1.335,1,87.12
2026-01-01 19:45:00,CELL_102,5G,n77,-98.21,-6.77,7.76,-81.71,20.53,0.934,1,104.07
2026-01-01 19:50:00,CELL_121,LTE,B66,-96.65,-11.26,11.46,-82.14,44.18,1.556,0,52.73
2026-01-01 19:55:00,CELL_122,LTE,B66,-100.39,,15.11,-80.25,39.1,0.295,0,74.67
2026-01-01 20:00:00,CELL_123,5G,n77,-101.55,-7.46,19.88,-82.38,32.05,2.03,0,152.76
2026-01-01 20:05:00,CELL_108,4G,n77,-84.97,-13.69,-5.38,-74.92,8.54,2.246,0,107.89
2026-01-01 20:10:00,CELL_107,LTE,B66,-90.67,-13.98,7.18,-80.93,63.16,0.045,0,59.61
2026-01-01 20:15:00,CELL_129,LTE,B66,-85.53,-11.59,14.11,-65.4,30.38,0.097,0,104.84
2026-01-01 20:20:00,CELL_121,5G,n77,-94.11,-8.52,12.31,-80.19,48.39,0.7,0,133.77
2026-01-01 20:25:00,CELL_105,5G,n77,-87.33,-14.99,15.82,-67.82,23.68,0.416,1,150.51
2026-01-01 20:30:00,CELL_100,5G,n77,-99.45,-16.0,14.87,-77.54,23.62,0.486,0,166.87
2026-01-01 20:35:00,CELL_110,LTE,B4,-65.01,-8.53,10.87,-53.37,60.2,0.926,0,105.27
2026-01-01 20:40:00,CELL_119,LTE,B66,-114.38,-12.81,9.31,-103.44,56.91,1.606,4,30.55
2026-01-01 20:45:00,CELL_111,LTE,B12,-77.61,-12.18,11.28,-51.24,45.13,0.278,1,95.4
bad_timestamp,CELL_124,5G,n41,-76.22,-16.57,21.04,-56.46,44.42,1.824,1,175.13
2026-01-01 20:55:00,CELL_115,5G,n77,-105.08,-13.04,7.88,-89.17,28.67,0.349,0,134.15
2026-01-01 21:00:00,CELL_129,LTE,B66,-65.02,-11.02,12.56,-51.69,41.87,120.0,3,120.28
2026-01-01 21:05:00,CELL_126,LTE,B66,-81.06,-8.21,14.28,-65.61,32.08,2.041,0,90.83
2026-01-01 21:10:00,CELL_114,LTE,B66,-81.38,-13.31,23.92,-69.33,55.56,0.389,0,131.73
2026-01-01 21:15:00,CELL_125,5G,n41,-93.64,-6.03,10.9,-71.22,22.6,0.15,0,151.3
2026-01-01 21:20:00,CELL_113,5G,n41,-96.82,-13.05,19.71,-82.71,55.28,0.379,0,155.69
2026-01-01 21:25:00,CELL_100,LTE,B12,-96.72,-13.05,21.62,-73.25,37.26,0.325,0,99.89
2026-01-01 21:30:00,CELL_109,LTE,B66,-88.92,-6.39,12.55,-72.93,42.31,1.201,1,81.76
2026-01-01 21:35:00,CELL_112,5G,n77,,-10.37,11.52,-63.0,44.38,0.047,2,169.14
2026-01-01 21:40:00,CELL_129,LTE,B4,-91.64,-12.66,10.7,-75.77,42.36,0.099,0,95.4
2026-01-01 21:45:00,CELL_124,5G,n77,-105.85,-11.47,11.21,-100.97,28.53,1.173,0,139.85
2026-01-01 21:50:00,CELL_104,LTE,B66,-83.28,-6.94,18.98,-65.89,41.55,0.31,0,114.25
2026-01-01 21:55:00,CELL_100,LTE,B66,-82.03,-6.6,14.62,-64.88,55.41,0.456,1,94.74
2026-01-01 22:00:00,CELL_115,5G,n77,-85.49,-13.45,14.65,-63.37,23.06,1.422,0,127.25
2026-01-01 22:05:00,CELL_116,LTE,B66,-84.31,-11.13,5.12,-75.74,40.11,1.664,3,50.21
2026-01-01 22:10:00,CELL_122,LTE,B66,-97.52,-10.73,6.23,-73.71,42.15,1.965,1,50.47
2026-01-01 22:15:00,CELL_107,LTE,B2,-106.08,-13.96,28.0,-83.97,54.97,1.326,0,75.91
2026-01-01 22:20:00,CELL_124,LTE,B2,-105.29,-11.17,11.76,-81.03,40.5,0.596,2,72.11
2026-01-01 22:25:00,CELL_112,LTE,B2,-115.26,-10.98,7.58,-97.52,69.12,0.549,0,16.2
2026-01-01 22:30:00,CELL_110,LTE,B66,-90.92,-7.58,23.02,-67.85,39.65,0.488,0,103.89
2026-01-01 22:35:00,CELL_112,LTE,B66,-95.08,-7.38,14.97,-84.44,38.43,0.182,2,80.34
2026-01-01 22:40:00,CELL_128,LTE,B12,-99.72,-11.99,17.05,-78.15,39.43,0.265,0,101.19
2026-01-01 22:45:00,CELL_111,5G,n41,-132.42,-11.64,12.03,-118.28,13.25,1.768,1,81.14
2026-01-01 22:50:00,CELL_116,lte,n41,-110.22,-9.01,10.77,-100.47,17.45,0.346,0,128.63
2026-01-01 22:55:00,CELL_126,LTE,B66,-79.43,-12.76,11.81,-67.05,34.04,0.184,2,104.57
2026-01-01 23:00:00,CELL_100,LTE,B2,-102.64,-9.23,3.32,-84.61,59.04,1.886,1,46.35
2026-01-01 23:05:00,CELL_116,LTE,B4,-89.31,-11.26,12.38,-75.43,41.5,0.877,1,95.35
2026-01-01 23:10:00,CELL_121,5G,n41,-112.08,-13.91,15.07,-92.2,25.73,2.634,1,112.14
2026-01-01 23:15:00,CELL_127,5G,n41,-75.3,-13.87,25.95,-66.34,51.4,2.424,0,156.8
2026-01-01 23:20:00,CELL_101,LTE,B12,-95.87,-6.66,13.6,-88.51,65.27,0.205,1,69.58
2026-01-01 23:25:00,CELL_121,LTE,B12,-90.23,-11.47,-3.34,-65.37,60.83,0.657,0,45.47
2026-01-01 23:30:00,CELL_124,LTE,B66,,-6.08,12.34,-41.25,29.2,0.242,0,133.24
2026-01-01 23:35:00,CELL_110,LTE,B2,-74.29,-12.54,32.18,-61.53,34.57,0.24,2,142.57
2026-01-01 23:40:00,CELL_122,LTE,B66,-97.99,-10.13,19.06,-80.0,69.21,0.473,1,91.62
2026-01-01 23:45:00,CELL_114,LTE,B2,-101.71,-3.82,7.32,-78.61,45.62,1.231,1,54.37
2026-01-01 23:50:00,CELL_119,LTE,B66,-98.23,-14.17,17.14,-78.14,37.99,1.237,0,73.44
2026-01-01 23:55:00,CELL_111,LTE,B12,-87.37,-16.69,7.81,-68.63,52.78,1.112,1,66.7
2026-01-02 00:00:00,CELL_105,LTE,B66,-95.37,-7.14,3.52,-71.89,57.11,0.594,0,78.22
2026-01-02 00:05:00,CELL_124,LTE,B2,-99.14,-13.48,10.56,-84.79,33.43,1.293,1,77.25
2026-01-02 00:10:00,CELL_106,5G,n41,,-11.06,13.64,-56.77,36.29,0.18,0,182.4
2026-01-02 00:15:00,CELL_105,LTE,B66,-95.48,-12.76,-0.11,-77.57,55.9,0.89,0,33.77
2026-01-02 00:20:00,CELL_126,5G,n41,-64.11,-10.2,4.96,-47.47,15.6,0.737,0,163.72
2026-01-02 00:25:00,CELL_128,LTE,B12,-92.82,-13.85,13.07,-76.77,42.19,0.56,0,76.84
2026-01-02 00:30:00,CELL_118,5G,n41,-70.79,-11.54,10.14,-52.43,16.28,0.92,1,173.02
2026-01-02 00:35:00,CELL_117,5G,n77,-89.35,-9.65,15.76,-71.18,18.25,0.248,1,158.13
2026-01-02 00:40:00,CELL_110,5G,n77,-81.48,-14.02,4.5,-68.72,24.55,1.149,0,135.78
2026-01-02 00:45:00,CELL_118,5G,n77,-103.42,-13.1,18.0,-81.41,40.16,0.719,0,131.7
2026-01-02 00:50:00,CELL_118,5G,n77,-105.1,-12.04,4.71,-91.98,28.17,0.114,3,99.17
2026-01-02 00:55:00,,5G,n41,-88.02,-15.29,24.5,-71.11,23.27,0.704,3,170.12
2026-01-02 01:00:00,CELL_119,5G,n77,-81.15,-12.27,0.99,-64.63,33.77,0.42,1,146.22
2026-01-02 01:05:00,CELL_116,LTE,B12,-93.48,-10.64,5.35,-73.69,24.8,1.804,1,48.8
2026-01-02 01:10:00,CELL_126,LTE,B66,-110.72,-12.2,15.92,-103.32,48.43,0.198,1,68.45
2026-01-02 01:15:00,CELL_120,LTE,B66,-111.68,-11.81,24.65,-89.23,58.97,0.207,1,93.41
2026-01-02 01:20:00,CELL_111,5G,n77,-112.55,-11.06,15.21,-97.94,31.81,1.026,0,117.59
2026-01-02 01:25:00,CELL_119,LTE,B66,-116.98,-12.97,16.94,-92.88,38.96,0.618,1,53.43
2026-01-02 01:30:00,CELL_106,LTE,B4,-92.58,-8.93,13.12,-76.97,47.6,0.589,0,94.11
2026-01-02 01:35:00,CELL_106,5G,n41,-79.37,-6.69,5.82,-61.62,5.0,1.267,1,141.26
2026-01-02 01:40:00,CELL_124,LTE,B4,-94.17,-12.39,9.57,-66.61,50.05,0.518,1,70.67
2026-01-02 01:45:00,CELL_117,LTE,B66,-123.39,-9.54,4.52,-106.77,88.53,0.093,2,1.0
2026-01-02 01:50:00,CELL_101,LTE,B12,-96.48,-11.72,4.05,-72.29,40.16,0.489,0,39.9
2026-01-02 01:55:00,CELL_110,LTE,B12,-96.12,-9.9,15.81,-77.92,40.21,0.173,1,85.54
2026-01-02 02:00:00,CELL_129,LTE,B4,-66.75,-6.3,5.14,-46.67,53.15,0.267,0,85.3
2026-01-02 02:05:00,CELL_119,LTE,B12,-112.94,-9.47,15.24,-94.59,66.68,0.278,1,51.63
2026-01-02 02:10:00,CELL_126,LTE,B66,-99.08,-16.32,3.89,-76.84,56.62,1.691,1,56.91
2026-01-02 02:15:00,CELL_116,LTE,B4,-71.82,-9.64,15.07,-57.25,9.67,0.128,0,155.72
2026-01-02 02:20:00,CELL_101,LTE,B66,-88.15,-7.3,9.58,-75.07,50.45,1.557,0,76.45
2026-01-02 02:25:00,CELL_105,5G,n41,-86.68,-11.66,22.85,-71.87,71.58,1.067,0,166.08
2026-01-02 02:30:00,CELL_102,LTE,B2,-92.51,-8.01,15.27,-74.01,51.34,1.054,0,88.42
2026-01-02 02:35:00,CELL_122,5G,n77,-89.71,-13.07,21.65,-72.81,15.68,0.255,2,166.75
2026-01-02 02:40:00,CELL_122,5G,n77,-83.89,-15.46,7.71,-62.34,37.23,1.392,0,115.47
2026-01-02 02:45:00,CELL_113,LTE,B4,-104.52,-10.58,13.39,-80.0,22.79,0.22,1,97.52
2026-01-02 02:50:00,CELL_121,LTE,B12,-82.59,-16.27,6.13,-69.46,60.49,2.274,1,53.27
2026-01-02 02:55:00,CELL_116,LTE,B12,-111.85,-11.72,10.1,-97.52,27.66,1.723,0,69.74
2026-01-02 03:00:00,CELL_122,5G,n41,-89.73,-7.14,11.17,-78.91,34.11,2.583,2,135.89
2026-01-02 03:05:00,CELL_120,5G,n77,-91.68,-16.73,7.92,-63.52,20.13,0.741,1,125.55
2026-01-02 03:10:00,CELL_113,5G,n41,-102.01,-14.84,4.49,-82.49,24.8,0.617,0,120.33
2026-01-02 03:15:00,CELL_119,LTE,B4,-94.29,-14.1,3.11,-73.9,64.29,0.476,0,78.84
2026-01-02 03:20:00,CELL_109,5G,n41,-102.09,-11.19,-3.38,-90.79,34.55,3.572,2,95.32
2026-01-02 03:25:00,CELL_122,LTE,B2,-107.93,-12.1,5.61,-89.94,33.61,1.222,1,41.14
2026-01-02 03:30:00,CELL_127,5g,n77,-98.6,-6.8,unknown,-78.05,15.82,0.175,0,145.82
2026-01-02 03:35:00,CELL_106,LTE,B12,-108.35,-8.14,1.81,-91.62,13.92,2.073,0,45.6
2026-01-02 03:40:00,CELL_120,5G,n41,-89.8,-9.51,3.42,-66.43,14.23,0.595,0,133.4
2026-01-02 03:45:00,CELL_103,5G,n77,-108.95,-10.56,25.54,-79.39,34.68,0.009,3,159.43
2026-01-02 03:50:00,CELL_111,LTE,B12,-84.74,-9.82,8.54,-71.48,56.7,0.324,1,88.61
2026-01-02 03:55:00,CELL_120,5G,n77,-109.36,-13.59,15.25,-96.47,24.59,1.722,0,103.29
2026-01-02 04:00:00,CELL_108,LTE,B12,-101.36,-8.43,17.5,-87.75,65.56,1.071,0,75.81
2026-01-02 04:05:00,CELL_107,5G,n77,-102.12,-14.34,17.64,-76.09,22.24,1.26,2,136.04
2026-01-02 04:10:00,CELL_111,LTE,B2,-76.77,-8.49,2.34,-53.56,38.43,2.057,0,78.39
2026-01-02 04:15:00,CELL_103,5G,n77,-89.71,-7.44,11.38,-72.38,16.81,0.07,1,155.07
2026-01-02 04:20:00,CELL_118,LTE,B12,-96.75,-10.37,1.67,-78.57,56.86,0.328,0,65.19
2026-01-02 04:25:00,CELL_103,5G,n41,-87.52,-11.53,30.12,-73.6,64.46,0.756,1,182.54
2026-01-02 04:30:00,CELL_109,5G,n77,-121.39,-9.8,1.84,-98.94,6.57,1.763,1,75.75
2026-01-02 04:35:00,CELL_109,5G,n77,-94.56,-19.58,5.67,-78.46,27.81,0.219,0,129.22
2026-01-02 04:40:00,CELL_129,5G,n77,-68.03,-10.09,5.72,-51.33,51.97,0.515,0,148.77
2026-01-02 04:45:00,CELL_129,5G,n77,-92.28,-11.34,2.52,-71.24,11.3,0.712,1,108.79
2026-01-02 04:50:00,CELL_102,5G,n41,-93.12,-11.15,22.47,-76.06,41.5,0.31,0,159.62
2026-01-02 04:55:00,CELL_104,LTE,B4,-86.87,-8.88,29.96,-70.05,60.32,0.704,0,142.27
2026-01-02 05:00:00,CELL_121,5G,n77,-82.36,-11.22,9.67,-64.3,34.17,0.614,0,129.53
2026-01-02 05:05:00,CELL_108,LTE,B4,-119.97,-14.42,3.76,-97.99,50.25,0.409,1,24.11
2026-01-02 05:10:00,CELL_119,5G,n41,-115.87,-11.42,-2.66,-89.64,59.41,1.389,0,63.64
2026-01-02 05:15:00,CELL_127,LTE,B66,-91.27,-10.8,11.29,-70.34,71.23,1.188,1,69.56
2026-01-02 05:20:00,CELL_104,LTE,B12,,-10.66,10.79,-81.28,41.07,1.441,1,48.61
2026-01-02 05:25:00,CELL_128,LTE,B2,-76.94,-10.51,8.44,-59.94,34.01,1.547,1,76.12
2026-01-02 05:30:00,CELL_101,LTE,B12,-98.1,-7.88,14.55,-83.64,28.2,0.107,0,72.68
2026-01-02 05:35:00,CELL_106,LTE,B4,-119.15,-14.26,15.77,-97.88,56.65,0.126,0,67.28
2026-01-02 05:40:00,CELL_115,5G,n77,-110.48,-10.47,15.26,-91.63,12.42,1.292,1,115.87
2026-01-02 05:45:00,,5G,n77,-129.75,-7.13,10.79,-118.86,29.21,0.451,2,81.79
2026-01-02 05:50:00,CELL_116,LTE,B66,-97.04,-16.2,5.29,-80.68,43.54,0.393,0,88.52
2026-01-02 05:55:00,CELL_104,5G,n77,-96.45,-10.46,17.66,-78.86,25.45,0.331,0,144.16
2026-01-02 06:00:00,CELL_107,5G,n41,-250.0,-12.76,13.09,-84.07,37.2,1.483,2,128.81
2026-01-02 06:05:00,CELL_122,LTE,B2,-79.97,-12.11,19.22,-54.57,80.47,3.403,0,97.17
2026-01-02 06:10:00,CELL_116,LTE,B12,-78.42,-13.71,18.53,-58.02,40.18,1.54,1,122.05
2026-01-02 06:15:00,CELL_100,LTE,B66,-96.22,-11.51,3.05,-71.35,35.47,0.43,0,46.9
2026-01-02 06:20:00,CELL_115,5G,n41,-121.75,-5.48,2.96,-102.43,48.23,1.421,0,64.15
2026-01-02 06:25:00,CELL_112,LTE,B2,-85.98,-14.79,7.71,-67.57,45.59,0.121,0,87.48
2026-01-02 06:30:00,CELL_100,5G,n41,-86.78,-14.51,5.61,-73.46,54.59,0.573,2,146.76
2026-01-02 06:35:00,CELL_107,5G,n41,-89.98,-14.91,18.29,-71.92,35.47,0.07,0,151.03
2026-01-02 06:40:00,CELL_128,LTE,B2,-81.24,-5.82,15.46,-63.18,38.27,0.452,1,100.14
2026-01-02 06:45:00,CELL_121,5G,n77,-109.14,-12.39,20.69,-97.98,6.24,0.835,0,152.68
2026-01-02 06:50:00,CELL_102,5G,n77,-67.89,-11.08,15.78,-52.58,8.7,3.883,0,183.57
2026-01-02 06:55:00,CELL_100,LTE,B4,-106.47,-12.21,14.46,-90.09,14.46,1.878,2,78.85
2026-01-02 07:00:00,CELL_110,LTE,B2,-84.26,-13.83,21.4,-64.19,47.69,0.072,0,104.12
2026-01-02 07:05:00,CELL_113,LTE,B2,-115.94,-11.71,16.29,-95.63,21.57,0.085,1,63.51
2026-01-02 07:10:00,CELL_113,LTE,B2,-106.09,-3.63,13.48,-91.0,60.83,0.313,1,62.19
2026-01-02 07:15:00,CELL_120,LTE,B12,-74.29,-6.82,23.36,-53.94,42.45,2.836,0,134.84
2026-01-02 07:20:00,CELL_105,5G,n77,-97.39,-13.56,13.81,-80.3,29.34,0.078,0,140.42
2026-01-02 07:25:00,CELL_101,LTE,B66,-83.08,-9.06,10.87,-79.43,29.34,0.334,0,99.84
2026-01-02 07:30:00,CELL_120,LTE,B4,-90.92,-13.49,7.14,-75.34,51.33,0.332,0,60.14
2026-01-02 07:35:00,CELL_126,5G,n77,-95.36,-16.33,17.92,-71.97,20.93,1.025,1,173.83
2026-01-02 07:40:00,CELL_105,LTE,B2,-76.27,-7.94,21.66,-66.68,27.22,1.451,1,127.09
2026-01-02 07:45:00,CELL_110,5G,n41,-97.08,-7.52,12.65,-78.51,50.83,1.198,0,139.36
2026-01-02 07:50:00,CELL_118,5G,n41,-117.15,-7.86,22.16,-91.22,38.32,0.901,0,126.45
2026-01-02 07:55:00,CELL_104,LTE,B4,-104.44,-12.41,-0.79,-90.25,38.48,0.113,0,45.12
2026-01-02 08:00:00,CELL_125,LTE,B12,-86.83,-11.5,12.61,-68.82,51.62,0.778,0,69.03
2026-01-02 08:05:00,CELL_106,5G,n77,-88.86,-8.75,12.72,-77.38,33.13,2.104,2,110.99
2026-01-02 08:10:00,CELL_115,5G,n41,-114.37,-9.83,7.91,-88.24,38.75,2.677,2,101.94
2026-01-02 08:15:00,CELL_110,5G,n77,-103.42,-12.18,29.69,-85.83,20.75,1.001,1,166.45
2026-01-02 08:20:00,CELL_120,LTE,B2,-101.56,-15.86,12.54,-83.33,73.06,0.074,0,64.13
2026-01-02 08:25:00,CELL_105,5G,n41,-98.75,-10.66,10.15,-73.98,24.31,1.016,2,112.41
2026-01-02 08:30:00,CELL_102,5G,n41,-111.89,-7.76,13.18,-90.58,56.34,0.612,0,97.45
2026-01-02 08:35:00,CELL_115,LTE,B4,-102.17,-14.59,-1.02,-88.55,39.17,0.095,1,57.44
2026-01-02 08:40:00,CELL_125,5G,n77,-103.47,-9.08,7.68,-88.71,45.11,0.203,2,132.23
2026-01-02 08:45:00,CELL_118,lte,n41,-83.97,-10.01,19.88,-63.5,44.01,0.254,1,157.83
2026-01-02 08:50:00,CELL_122,LTE,B12,-83.48,-8.75,8.6,-68.6,59.2,1.296,1,83.51
2026-01-02 08:55:00,CELL_113,LTE,B12,-95.9,-8.38,7.2,-88.48,29.39,2.591,0,65.62
2026-01-02 09:00:00,CELL_104,5G,n41,-99.1,-13.08,22.17,-81.36,49.13,1.132,0,143.3
2026-01-02 09:05:00,CELL_112,LTE,B4,-92.18,-15.85,22.38,-81.58,69.7,1.331,1,110.29
2026-01-02 09:10:00,CELL_129,LTE,B4,-104.62,-12.6,16.62,-78.53,38.12,0.656,1,70.51
2026-01-02 09:15:00,CELL_123,LTE,B66,-108.91,-8.33,9.81,-90.02,42.52,0.386,0,72.11
2026-01-02 09:20:00,CELL_121,LTE,B66,-106.22,-12.63,11.32,-92.75,34.15,1.159,0,68.09
2026-01-02 09:25:00,CELL_109,5G,n77,-102.25,-13.08,7.37,-87.75,27.8,0.912,1,117.51
2026-01-02 09:30:00,CELL_117,5G,n77,-109.13,-16.46,6.04,-100.57,58.67,0.284,1,112.4
2026-01-02 09:35:00,CELL_118,LTE,B66,-91.89,-5.74,5.69,-79.39,26.94,0.857,0,79.1
2026-01-02 09:40:00,CELL_119,5G,n77,-84.51,-8.52,8.67,-61.43,18.87,0.698,1,148.11
2026-01-02 09:45:00,CELL_126,5G,n41,-114.63,-8.69,5.76,-85.47,57.16,0.511,0,105.72
2026-01-02 09:50:00,CELL_120,LTE,B4,-93.67,-8.1,2.05,-72.04,51.37,0.371,1,71.04
2026-01-02 09:55:00,CELL_106,5G,n41,-96.86,-9.27,14.54,-79.32,64.81,1.0,3,134.87
2026-01-02 10:00:00,CELL_106,LTE,B66,-89.56,-11.73,14.64,-73.72,35.24,0.399,0,49.81
2026-01-02 10:05:00,CELL_118,5G,n77,-94.17,-11.49,24.91,-80.95,34.89,3.407,1,154.79
2026-01-02 10:10:00,CELL_125,5G,n77,-112.9,-12.28,8.32,-84.6,23.09,1.099,2,107.1
2026-01-02 10:15:00,CELL_128,5G,n77,-110.41,-3.1,15.07,-93.35,35.15,1.015,1,118.84
2026-01-02 10:20:00,CELL_118,LTE,B4,-93.62,-9.33,15.19,-65.04,15.39,0.589,0,106.81
2026-01-02 10:25:00,CELL_115,5G,n41,-80.63,-12.39,11.22,-55.66,43.27,0.466,0,155.75
2026-01-02 10:30:00,CELL_124,LTE,B2,-122.78,-9.6,18.21,-113.49,46.85,0.047,1,62.39
2026-01-02 10:35:00,CELL_129,LTE,B12,-89.51,-14.03,18.43,-74.84,41.14,0.307,0,99.27
2026-01-02 10:40:00,CELL_100,4G,B66,-78.53,-6.49,15.29,-63.88,36.14,0.071,2,128.42
2026-01-02 10:45:00,CELL_109,5G,n41,-95.99,-12.98,11.21,-78.39,19.58,0.069,2,149.62
2026-01-02 10:50:00,CELL_110,LTE,B12,-86.85,-9.5,10.5,-69.15,52.92,0.165,0,91.73
2026-01-02 10:55:00,CELL_116,5G,n41,-103.14,-7.8,3.43,-70.16,15.43,1.931,1,114.05
2026-01-02 11:00:00,CELL_108,5G,n41,-95.55,-9.85,7.36,-82.94,40.68,1.924,1,129.96
2026-01-02 11:05:00,CELL_109,LTE,B66,-115.07,-10.72,8.65,-95.93,73.12,0.316,0,46.22
2026-01-02 11:10:00,CELL_100,LTE,B66,,-10.97,5.13,-103.39,64.28,0.109,1,15.51
2026-01-02 11:15:00,CELL_100,LTE,B4,-81.74,-11.17,16.08,-63.75,19.42,0.444,1,126.53
2026-01-02 11:20:00,CELL_113,5G,n41,-106.8,-12.73,21.38,-88.25,24.95,1.285,1,142.33
2026-01-02 11:25:00,CELL_129,5G,n41,-99.92,-12.35,6.64,-87.15,39.32,1.623,2,132.0
2026-01-02 11:30:00,CELL_108,LTE,B66,-112.02,-6.56,14.98,-93.49,40.95,0.846,0,75.31
2026-01-02 11:35:00,CELL_107,5G,n77,-112.33,-11.33,5.76,-91.77,12.01,0.989,2,97.66
2026-01-02 11:40:00,CELL_107,LTE,B2,-96.26,-13.36,10.87,-76.62,47.78,0.904,1,97.77
2026-01-02 11:45:00,CELL_129,5G,n77,-103.48,-12.55,8.17,-82.63,32.85,0.127,0,96.27
2026-01-02 11:50:00,CELL_119,5G,n41,-89.09,-7.7,17.21,-64.02,61.71,2.674,1,140.41
2026-01-02 11:55:00,CELL_119,5G,n77,-88.12,-8.97,8.25,-65.43,29.2,0.842,0,131.86
2026-01-02 12:00:00,CELL_105,5G,n41,-89.83,-9.32,20.08,-71.47,50.52,0.027,1,178.83
2026-01-02 12:05:00,CELL_127,5G,n77,-90.9,-11.77,11.28,-78.76,13.99,1.042,2,147.61
2026-01-02 12:10:00,CELL_105,4G,B2,-73.49,-9.28,8.45,-58.49,26.58,0.24,0,100.11
2026-01-02 12:15:00,CELL_129,LTE,B4,-107.88,-12.93,4.23,-90.98,52.82,1.732,0,32.35
2026-01-02 12:20:00,CELL_128,LTE,B2,-94.71,-11.78,14.77,-75.45,58.26,1.583,2,61.79
2026-01-02 12:25:00,CELL_117,LTE,B2,-79.28,-8.09,19.27,-63.67,27.64,1.224,0,115.29
2026-01-02 12:30:00,CELL_126,5G,n77,-77.56,-8.38,14.91,-64.24,33.36,0.834,0,162.82
2026-01-02 12:35:00,CELL_129,5G,n77,-112.48,-13.95,28.67,-100.42,12.28,2.083,0,141.86
2026-01-02 12:40:00,CELL_117,5G,n41,-98.06,-13.57,23.01,-88.32,30.28,2.255,1,151.43
2026-01-02 12:45:00,CELL_123,LTE,B4,-76.34,-10.67,10.85,-59.52,54.55,0.248,1,101.91
2026-01-02 12:50:00,CELL_117,5G,n77,-87.39,-5.82,10.77,-76.74,26.48,1.213,0,133.76
2026-01-02 12:55:00,CELL_115,LTE,B12,-91.46,-16.75,16.29,-78.46,38.26,0.376,1,74.51
2026-01-02 13:00:00,CELL_110,LTE,B2,-96.83,-10.17,7.13,-80.8,25.05,0.205,1,78.11
2026-01-02 13:05:00,CELL_119,5G,n41,-98.99,-15.13,21.16,-87.67,23.27,2.253,1,152.4
2026-01-02 13:10:00,CELL_108,5G,n41,-90.25,-12.9,15.53,-70.35,59.37,1.385,2,142.3
2026-01-02 13:15:00,CELL_105,5G,n41,-97.28,-12.09,14.8,-75.58,34.09,0.899,1,144.06
2026-01-02 13:20:00,CELL_108,LTE,B12,-94.55,-12.26,17.81,-79.3,26.97,0.278,0,119.35
2026-01-02 13:25:00,CELL_100,5G,n41,-92.98,-12.6,25.06,-77.16,28.28,2.306,0,173.7
2026-01-02 13:30:00,CELL_128,LTE,B2,-102.81,-10.98,14.2,-82.13,18.04,0.235,0,117.87
2026-01-02 13:35:00,CELL_107,5G,n41,-87.08,-12.61,12.21,-72.65,17.79,0.173,3,190.02
2026-01-02 13:40:00,CELL_123,5G,n77,,-15.39,23.56,-42.03,53.41,0.7,1,183.25
2026-01-02 13:45:00,CELL_113,LTE,B12,-117.1,-8.66,19.77,-93.12,39.86,1.285,0,37.15
2026-01-02 13:50:00,CELL_110,LTE,B4,-89.79,-8.74,10.75,-67.37,70.36,0.492,0,72.67
2026-01-02 13:55:00,CELL_106,LTE,B66,-103.88,-8.47,13.04,-82.87,40.57,0.821,3,69.98
2026-01-02 14:00:00,CELL_124,5G,n41,-86.49,-15.62,14.37,-63.87,32.46,0.374,0,155.42
2026-01-02 14:05:00,CELL_115,LTE,B66,-93.39,-10.1,15.53,-85.28,51.61,0.423,1,92.8
2026-01-02 14:10:00,CELL_113,5G,n41,-84.1,-8.97,3.5,-59.33,5.0,2.911,1,130.05
2026-01-02 14:15:00,CELL_119,5G,n77,-78.72,-14.09,2.2,-58.76,36.07,0.638,0,130.06
2026-01-02 14:20:00,CELL_124,LTE,B2,-91.5,-10.97,6.79,-68.44,41.27,2.191,3,53.59
2026-01-02 14:25:00,CELL_119,LTE,B12,-79.28,-11.35,6.25,-59.35,64.29,0.065,0,79.84
2026-01-02 14:30:00,CELL_114,5G,n77,-124.48,-5.47,8.49,-106.23,47.47,1.761,2,85.72
2026-01-02 14:35:00,CELL_126,LTE,B12,-73.32,-5.23,17.44,-56.7,24.99,0.295,1,121.47
2026-01-02 14:40:00,CELL_126,LTE,B2,-89.12,-15.99,11.82,-69.29,60.63,1.414,0,71.72
2026-01-02 14:45:00,CELL_128,5G,n41,-79.99,-3.52,14.37,-63.55,29.07,0.292,2,170.22
2026-01-02 14:50:00,CELL_102,5G,n41,-109.86,-13.75,4.43,-87.52,19.43,0.457,0,106.57
2026-01-02 14:55:00,CELL_126,5G,n77,-104.8,-8.06,9.77,-94.73,35.96,0.197,2,131.21
2026-01-02 15:00:00,CELL_105,LTE,B4,,-8.09,17.11,-76.81,38.96,1.437,0,80.23
2026-01-02 15:05:00,CELL_118,LTE,B4,-94.22,-13.99,17.16,-66.0,65.08,1.632,2,59.29
2026-01-02 15:10:00,CELL_119,LTE,B2,-90.32,-9.52,7.93,-75.45,47.11,0.307,0,80.49
2026-01-02 15:15:00,CELL_106,LTE,B66,,-11.32,14.13,-63.09,45.08,0.098,2,107.12
2026-01-02 15:20:00,CELL_100,LTE,B2,-116.95,-9.34,28.39,-103.36,55.51,2.166,2,56.69
2026-01-02 15:25:00,CELL_128,LTE,B2,-81.34,-10.31,12.88,-61.66,58.39,0.352,1,108.7
2026-01-02 15:30:00,CELL_126,LTE,B4,-93.89,-7.41,8.15,-79.57,53.75,0.605,0,91.23
2026-01-02 15:35:00,CELL_105,LTE,B2,-96.65,-10.77,11.78,-79.58,63.29,0.245,0,62.38
2026-01-02 15:40:00,CELL_118,LTE,B66,-113.12,-11.5,13.65,-90.88,51.13,1.321,1,67.14
2026-01-02 15:45:00,CELL_104,5G,n41,-87.46,-7.71,11.94,-72.95,35.51,1.35,1,113.19
2026-01-02 15:50:00,CELL_116,5g,n41,-125.38,-9.26,12.78,-103.44,51.59,2.457,0,94.54
2026-01-02 15:55:00,CELL_109,LTE,B4,-85.57,-8.8,2.9,-63.46,40.64,1.803,0,57.32
2026-01-02 16:00:00,CELL_122,LTE,B2,-113.4,-12.99,6.26,-90.12,42.5,1.703,2,44.97
2026-01-02 16:05:00,CELL_117,LTE,B12,-93.31,-14.14,11.95,-74.6,67.82,0.662,0,59.18
2026-01-02 16:10:00,CELL_114,5G,n41,-95.55,-12.7,11.84,-61.34,57.33,0.584,0,126.44
2026-01-02 16:15:00,CELL_120,LTE,B2,-78.8,,9.04,-55.52,41.88,1.306,3,76.6
2026-01-02 16:20:00,,LTE,B66,-96.32,-8.64,11.76,-76.7,35.2,0.626,1,75.76
2026-01-02 16:25:00,CELL_100,LTE,B12,-103.02,-8.07,13.43,-89.4,63.95,1.854,0,78.08
2026-01-02 16:30:00,CELL_117,LTE,B4,-100.59,,19.23,-83.07,54.01,0.226,0,82.93
2026-01-02 16:35:00,CELL_123,LTE,B12,-77.45,-6.71,12.31,-52.32,46.73,1.177,0,124.36
2026-01-02 16:40:00,CELL_114,lte,B12,-87.03,-6.89,15.79,-60.48,37.17,0.404,0,96.84
2026-01-02 16:45:00,CELL_105,LTE,B2,-99.01,-10.27,9.21,-73.62,46.98,0.184,1,84.59
2026-01-02 16:50:00,CELL_100,5G,n77,-97.07,-13.47,17.0,-75.15,32.67,3.706,2,107.06
2026-01-02 16:55:00,CELL_108,5G,n41,-114.37,-6.27,15.63,-102.65,23.03,0.724,0,120.04
2026-01-02 17:00:00,CELL_123,5G,n41,-88.95,-11.18,19.06,-68.51,34.94,0.131,1,154.86
2026-01-02 17:05:00,CELL_109,LTE,B12,-116.88,-10.62,17.99,-105.08,45.98,0.352,0,80.81
2026-01-02 17:10:00,CELL_128,5G,n41,-84.23,-12.02,17.12,-73.66,27.37,0.535,1,166.9
2026-01-02 17:15:00,,LTE,B12,-92.33,-13.67,12.31,-73.13,55.56,1.155,2,46.71
2026-01-02 17:20:00,CELL_112,LTE,B4,-62.97,-15.41,14.71,-42.35,61.33,0.354,1,104.27
2026-01-02 17:25:00,CELL_122,5G,n41,-108.3,-9.1,20.44,-85.78,47.55,0.614,1,118.11
2026-01-02 17:30:00,CELL_118,LTE,B12,-95.33,-13.35,8.44,-74.85,37.86,0.927,2,79.4
2026-01-02 17:35:00,CELL_101,LTE,B2,-70.62,-1.82,8.6,-49.96,53.34,1.092,0,107.8
2026-01-02 17:40:00,CELL_102,5G,n77,-78.51,-14.26,14.27,-65.44,34.17,0.66,0,161.09
2026-01-02 17:45:00,CELL_105,5G,n41,-103.05,-14.77,15.91,-85.58,14.46,2.875,1,123.38
2026-01-02 17:50:00,CELL_126,5G,n77,-91.09,-9.47,7.23,-80.62,43.09,1.333,0,134.28
2026-01-02 17:55:00,CELL_100,LTE,B2,-93.97,-6.41,12.48,-85.99,44.19,1.271,2,60.51
2026-01-02 18:00:00,CELL_102,LTE,B12,-90.33,-10.81,12.34,-68.63,80.9,1.231,1,70.78
2026-01-02 18:05:00,CELL_123,5G,n41,-103.08,-9.28,-2.51,-88.85,54.86,1.866,0,85.8
2026-01-02 18:10:00,CELL_118,5g,B66,-95.16,-16.53,11.46,-72.8,52.67,0.871,1,67.36
2026-01-02 18:15:00,CELL_129,5G,n77,-114.77,-13.03,11.9,-91.23,36.74,0.221,2,113.13
2026-01-02 18:20:00,CELL_106,LTE,B2,-92.24,-14.22,11.88,-77.34,44.46,1.046,1,79.23
2026-01-02 18:25:00,CELL_119,LTE,B2,-88.15,-16.69,22.91,-67.2,26.94,1.167,1,119.4
2026-01-02 18:30:00,CELL_104,LTE,B66,-96.96,-10.65,4.49,-82.26,15.92,2.107,1,46.59
2026-01-02 18:35:00,CELL_117,5G,n77,-115.0,-17.73,7.23,-106.23,19.91,0.193,1,114.64
2026-01-02 18:40:00,CELL_103,LTE,B4,-81.15,-14.97,-5.29,-62.53,41.28,0.261,1,74.67
2026-01-02 18:45:00,CELL_127,LTE,B66,-89.26,-12.61,9.63,-73.62,10.42,0.747,0,98.82
2026-01-02 18:50:00,CELL_112,LTE,B2,-103.44,-13.49,10.23,-87.64,33.84,1.261,1,69.99
2026-01-02 18:55:00,CELL_107,4G,B12,-97.65,-9.81,9.43,-69.77,38.29,0.149,0,73.31
2026-01-02 19:00:00,CELL_129,LTE,B4,-113.51,-10.08,20.75,-103.14,38.77,0.2,0,87.22
2026-01-02 19:05:00,CELL_101,5G,n41,-107.33,-8.32,19.02,-87.42,23.07,1.53,0,136.69
2026-01-02 19:10:00,CELL_123,LTE,B66,-100.99,-8.74,13.54,-87.97,36.88,0.158,3,60.12
2026-01-02 19:15:00,CELL_115,5G,n77,-78.03,-7.58,10.41,-55.49,58.86,0.265,2,155.15
2026-01-02 19:20:00,CELL_120,5G,n41,-102.31,-11.01,20.18,-82.82,42.93,1.612,0,116.74
2026-01-02 19:25:00,CELL_107,LTE,B66,-85.68,-10.09,12.86,-65.78,33.6,1.245,2,94.05
2026-01-02 19:30:00,CELL_126,LTE,B12,-101.0,-9.47,7.27,-87.72,40.97,999.0,0,58.74
2026-01-02 19:35:00,CELL_113,5G,n41,-90.78,-10.58,0.99,-76.6,32.58,1.124,0,113.12
2026-01-02 19:40:00,CELL_112,LTE,B4,-95.84,-12.19,9.91,-73.2,30.48,0.941,0,79.3
2026-01-02 19:45:00,CELL_113,LTE,B2,-82.65,-12.0,18.28,-55.8,30.46,0.635,1,103.91
2026-01-02 19:50:00,CELL_108,5G,n41,-100.95,-13.45,28.94,-80.55,48.16,0.479,2,162.81
2026-01-02 19:55:00,CELL_109,5G,n77,-114.44,-9.74,13.43,-100.93,26.7,1.085,2,112.43
2026-01-02 20:00:00,CELL_104,5G,n41,-111.97,-11.28,7.64,-92.27,16.58,0.178,1,106.3
2026-01-02 20:05:00,,LTE,B66,-100.91,-12.99,4.71,-70.78,41.35,1.074,0,70.25
2026-01-02 20:10:00,CELL_114,5G,n41,-110.24,-12.99,16.86,-91.73,34.77,0.862,0,128.46
2026-01-02 20:15:00,CELL_111,5G,n77,-88.67,-14.63,0.65,-63.36,5.0,0.921,0,140.84
2026-01-02 20:20:00,CELL_129,LTE,B12,-100.05,-8.06,16.85,-85.76,41.39,0.251,0,102.13
2026-01-02 20:25:00,CELL_103,5G,n41,-63.13,-10.76,18.72,-45.34,46.02,2.149,1,197.09
2026-01-02 20:30:00,CELL_127,LTE,B2,-116.59,-13.59,16.05,-95.49,48.77,0.36,1,62.62
2026-01-02 20:35:00,CELL_126,LTE,B66,-91.35,-8.57,11.46,-71.37,75.45,0.427,1,64.91
2026-01-02 20:40:00,CELL_100,LTE,B4,-108.66,-12.68,16.95,-94.5,60.77,0.61,2,42.96
2026-01-02 20:45:00,CELL_121,LTE,B4,-100.41,-15.22,14.2,-86.46,63.73,1.243,1,65.2
2026-01-02 20:50:00,CELL_106,LTE,B12,-92.16,-7.94,7.55,-69.22,84.0,0.896,2,64.54
2026-01-02 20:55:00,CELL_101,5G,n77,-124.23,-12.61,25.95,-100.27,44.37,0.092,0,130.43
2026-01-02 21:00:00,CELL_125,5G,n41,-90.92,-12.23,10.54,-65.36,35.45,0.714,0,97.95
2026-01-02 21:05:00,CELL_103,LTE,B66,-69.26,-10.88,18.43,-42.24,56.61,0.773,2,127.75
2026-01-02 21:10:00,CELL_108,5G,n77,-99.89,-7.57,-3.93,-81.22,24.61,2.191,0,104.84
2026-01-02 21:15:00,CELL_102,5G,n77,-90.62,-10.94,21.94,-74.18,34.62,0.526,0,161.34
2026-01-02 21:20:00,CELL_104,LTE,B2,-80.68,-14.6,23.28,-55.92,32.28,1.151,1,133.99
2026-01-02 21:25:00,CELL_101,LTE,B2,-96.13,-9.37,13.21,-74.57,47.97,1.899,0,78.97
2026-01-02 21:30:00,CELL_125,LTE,B12,-101.55,,16.91,-88.46,32.22,0.234,1,77.14
2026-01-02 21:35:00,CELL_101,LTE,B12,-123.58,-5.34,16.91,-110.75,31.7,1.389,1,65.09
2026-01-02 21:40:00,,5G,n77,-85.67,-11.0,8.5,-65.21,39.2,1.078,0,123.42
2026-01-02 21:45:00,CELL_104,LTE,B66,-95.47,-17.71,16.83,-78.36,39.93,0.508,1,88.06
2026-01-02 21:50:00,CELL_127,LTE,B66,-107.16,-9.93,7.34,-89.3,13.09,1.402,0,59.57
2026-01-02 21:55:00,CELL_125,LTE,B2,-92.35,-5.17,8.74,-68.99,20.17,0.23,3,72.2
2026-01-02 22:00:00,CELL_118,LTE,B12,-101.59,-6.27,20.89,-79.79,24.79,0.368,0,101.54
2026-01-02 22:05:00,CELL_124,5G,n41,-100.87,-5.51,19.82,-76.22,19.76,0.616,0,168.18
2026-01-02 22:10:00,CELL_108,LTE,B66,-86.12,-14.06,8.06,-77.78,48.22,0.483,2,92.77
2026-01-02 22:15:00,CELL_123,LTE,B4,-111.4,-8.26,7.86,-92.13,45.28,1.277,1,50.85
2026-01-02 22:20:00,CELL_106,LTE,B66,-80.38,,8.48,-58.91,57.98,0.695,1,62.67
2026-01-02 22:25:00,CELL_118,LTE,B4,-112.17,-10.33,18.13,-101.8,53.29,0.433,0,49.47
2026-01-02 22:30:00,CELL_127,5G,n41,-102.62,,6.0,-87.89,49.08,1.874,2,100.61
2026-01-02 22:35:00,CELL_121,LTE,B4,-69.0,-12.93,15.5,-55.2,51.13,1.236,0,114.58
2026-01-02 22:40:00,CELL_108,LTE,B4,-79.34,-13.03,18.23,-61.24,45.15,0.124,1,107.28
2026-01-02 22:45:00,CELL_122,LTE,B66,-92.73,-8.3,12.38,-66.59,58.49,0.12,1,100.19
2026-01-02 22:50:00,,5G,n41,-106.23,-8.6,20.07,-78.11,46.79,0.437,0,136.59
2026-01-02 22:55:00,CELL_126,5G,n77,-100.88,-10.17,10.87,-86.95,38.64,0.147,0,134.65
2026-01-02 23:00:00,CELL_122,5G,n41,-93.05,-15.05,11.5,-72.41,52.07,1.637,0,138.52
2026-01-02 23:05:00,CELL_121,5G,n77,-93.51,-11.93,6.16,-72.72,5.0,0.388,1,139.93
2026-01-02 23:10:00,CELL_123,5G,n41,-95.18,-13.24,20.12,-75.24,28.64,1.15,1,183.54
2026-01-02 23:15:00,CELL_122,LTE,B2,-94.4,-8.39,7.63,-74.41,37.41,1.372,1,56.16
2026-01-02 23:20:00,CELL_104,LTE,B4,-96.79,-7.47,15.45,-77.27,59.29,0.408,0,70.98
2026-01-02 23:25:00,CELL_124,LTE,B66,-112.75,-7.83,12.5,-86.31,65.57,0.589,2,32.03
2026-01-02 23:30:00,CELL_105,LTE,B2,-100.71,-13.27,5.63,-77.2,20.25,0.932,0,84.76
2026-01-02 23:35:00,CELL_116,5G,n41,-82.11,-19.22,8.74,-69.41,54.17,1.562,1,142.95
2026-01-02 23:40:00,CELL_110,LTE,B2,-111.79,-16.3,22.68,-89.81,24.43,3.831,0,63.5
2026-01-02 23:45:00,CELL_106,5G,n77,-96.46,-6.74,14.41,-74.0,15.88,2.658,0,127.68
2026-01-02 23:50:00,CELL_108,5G,n41,-104.66,-12.2,5.94,-85.08,29.49,0.687,0,130.34
2026-01-02 23:55:00,CELL_102,LTE,B4,-92.55,-13.25,15.14,-68.9,37.23,0.679,1,93.72
2026-01-03 00:00:00,CELL_113,5G,n77,-99.05,-6.07,11.98,-80.11,9.62,2.446,1,148.3
2026-01-03 00:05:00,CELL_112,5G,n41,-74.79,-7.2,37.18,-55.79,42.75,0.724,0,213.16
2026-01-03 00:10:00,CELL_112,5G,n41,-87.41,-10.93,15.0,-68.81,43.19,0.398,1,156.11
2026-01-03 00:15:00,CELL_102,LTE,B4,-111.05,-11.88,10.34,-103.14,57.81,1.66,0,45.98
2026-01-03 00:20:00,CELL_118,LTE,B4,-85.27,-11.4,22.94,-67.68,35.5,0.974,1,107.29
2026-01-03 00:25:00,CELL_105,LTE,B66,-104.07,-10.32,0.11,-89.41,41.41,0.117,0,43.51
2026-01-03 00:30:00,CELL_125,LTE,B12,-101.5,-6.2,13.66,-89.43,41.54,0.53,0,60.74
2026-01-03 00:35:00,CELL_100,LTE,B12,-89.92,-9.73,26.96,-64.75,67.32,0.154,1,113.78
2026-01-03 00:40:00,CELL_101,5G,n77,-100.39,-8.82,12.19,-79.87,5.0,0.009,2,151.95
2026-01-03 00:45:00,CELL_109,5G,n41,-82.39,-7.49,0.87,-64.54,18.65,2.947,0,137.82
2026-01-03 00:50:00,CELL_112,LTE,B66,-104.07,-14.51,10.23,-88.89,42.08,0.816,1,68.77
2026-01-03 00:55:00,CELL_129,LTE,B12,-102.05,-8.74,23.18,-82.57,25.72,0.551,2,95.61
2026-01-03 01:00:00,CELL_115,LTE,B66,-102.53,-11.88,15.63,-79.58,38.13,0.433,1,96.47
2026-01-03 01:05:00,CELL_111,LTE,B4,-101.35,-18.55,7.13,-87.49,40.11,0.737,0,71.67
2026-01-03 01:10:00,CELL_125,4G,n41,-79.71,-17.38,8.2,-61.73,23.13,0.427,0,172.84
2026-01-03 01:15:00,CELL_107,LTE,B2,20.0,-14.05,9.08,-63.49,42.97,0.24,1,103.03
2026-01-03 01:20:00,CELL_126,LTE,B2,-71.77,-9.41,15.53,-63.45,51.42,0.455,1,111.95
2026-01-03 01:25:00,CELL_112,5G,n41,-64.52,-10.66,22.37,-46.81,29.46,2.261,1,197.1
2026-01-03 01:30:00,CELL_109,LTE,B12,-107.4,-10.45,20.37,-91.55,35.2,1.629,1,85.52
2026-01-03 01:35:00,CELL_109,LTE,B4,-93.08,-5.15,16.19,-75.75,39.51,0.456,0,79.08
2026-01-03 01:40:00,CELL_100,5G,n77,-109.29,-14.81,3.68,-93.8,32.89,3.179,1,73.02
2026-01-03 01:45:00,CELL_120,5G,n41,-104.11,-11.08,3.7,-85.42,6.9,0.679,0,103.71
2026-01-03 01:50:00,CELL_117,5G,n41,-102.19,-10.09,16.73,-74.57,39.92,0.311,1,134.2
2026-01-03 01:55:00,CELL_119,5G,n77,-107.74,-13.21,3.58,-91.36,26.23,1.013,0,100.28
2026-01-03 02:00:00,CELL_119,LTE,B12,-107.67,-10.92,11.42,-88.22,60.92,2.547,0,26.06
2026-01-03 02:05:00,CELL_100,5G,n77,-95.88,-15.8,15.13,-67.9,41.87,2.177,2,130.13
2026-01-03 02:10:00,CELL_126,5G,n77,-109.82,-6.77,5.04,-94.57,50.55,0.329,0,96.73
2026-01-03 02:15:00,CELL_115,5G,n77,-83.05,-13.04,5.83,-55.98,17.83,0.183,1,162.57
2026-01-03 02:20:00,CELL_120,5G,n41,-105.93,-4.91,12.34,-87.9,27.43,0.501,2,147.84
2026-01-03 02:25:00,CELL_101,5G,n41,-57.48,-11.1,16.53,-30.57,14.36,1.168,0,208.98
2026-01-03 02:30:00,CELL_122,5G,n41,-99.87,-7.92,20.43,-78.12,22.42,1.454,0,141.25
2026-01-03 02:35:00,CELL_120,LTE,B2,-93.06,-11.16,17.25,-73.53,60.78,1.937,1,84.45
2026-01-03 02:40:00,CELL_111,5G,n41,-110.84,-11.09,13.52,-93.17,55.31,0.858,4,102.47
2026-01-03 02:45:00,CELL_128,LTE,B4,-71.82,-12.75,7.78,-56.94,24.78,0.884,1,103.19
2026-01-03 02:50:00,CELL_119,LTE,B66,-79.45,-10.64,5.5,-61.07,35.13,0.829,0,78.4
2026-01-03 02:55:00,CELL_127,5G,n41,-90.14,-10.05,9.42,-67.65,31.86,1.739,0,128.61
2026-01-03 03:00:00,CELL_124,5G,n41,-111.51,-13.35,15.87,-93.57,41.78,1.475,0,113.94
2026-01-03 03:05:00,CELL_106,5G,n41,-91.26,-11.38,15.36,-74.84,6.6,0.316,0,172.78
2026-01-03 03:10:00,CELL_129,LTE,B4,-108.58,-12.83,-1.7,-91.83,17.95,1.328,1,43.24
2026-01-03 03:15:00,CELL_122,5G,n77,-74.99,-4.1,7.5,-52.03,40.34,1.649,2,165.8
2026-01-03 03:20:00,CELL_105,5G,n77,-83.48,-11.27,21.43,-59.35,5.0,1.758,1,185.86
2026-01-03 03:25:00,CELL_123,LTE,B4,-92.76,-6.36,13.55,-78.1,35.3,0.975,0,91.94
2026-01-03 03:30:00,CELL_112,LTE,B12,-125.67,-11.59,3.08,-111.02,44.43,0.928,0,13.15
2026-01-03 03:35:00,CELL_125,LTE,B66,-106.78,-10.22,29.49,-86.89,48.23,0.708,0,84.88
2026-01-03 03:40:00,CELL_105,5G,n41,-85.06,-14.96,12.8,-59.42,30.87,0.781,0,146.68
2026-01-03 03:45:00,CELL_107,LTE,B2,-78.23,-12.34,15.69,-54.5,36.51,2.814,0,92.47
2026-01-03 03:50:00,CELL_110,5G,n41,-79.58,-10.37,15.8,-67.84,45.67,0.806,0,130.14
2026-01-03 03:55:00,CELL_113,LTE,B12,-114.7,-6.24,10.43,-98.02,46.28,0.346,0,37.22
2026-01-03 04:00:00,CELL_118,5G,n77,-90.08,-10.33,7.91,-76.73,23.29,0.993,1,155.97
2026-01-03 04:05:00,CELL_106,LTE,B12,-80.8,-6.85,27.85,-64.14,42.57,1.43,3,126.62
2026-01-03 04:10:00,CELL_121,5G,n41,-115.56,-9.08,20.02,-89.54,38.75,1.699,1,113.12
2026-01-03 04:15:00,CELL_100,LTE,B12,-94.1,-6.12,18.75,-83.22,67.77,0.236,2,87.33
2026-01-03 04:20:00,CELL_109,LTE,B66,-90.44,-11.18,17.03,-80.53,53.79,2.383,1,56.95
2026-01-03 04:25:00,CELL_119,5G,n77,-97.91,-3.83,5.98,-84.05,51.22,1.385,0,113.54
2026-01-03 04:30:00,CELL_107,5G,n77,-118.08,-12.46,21.94,-98.64,23.84,2.279,1,136.84
2026-01-03 04:35:00,CELL_112,lte,n41,-98.23,-13.3,7.1,-77.13,25.14,0.139,1,126.25
2026-01-03 04:40:00,CELL_118,LTE,B4,-98.25,-14.63,14.98,-78.07,38.47,1.812,0,55.47
2026-01-03 04:45:00,CELL_107,LTE,B12,-95.92,-4.01,1.52,-72.05,39.85,0.222,0,54.34
2026-01-03 04:50:00,CELL_128,5g,B66,-101.33,-8.54,-1.29,-92.14,26.88,0.563,2,61.54
2026-01-03 04:55:00,CELL_125,LTE,B66,-99.76,,15.23,-75.82,60.99,1.423,0,70.89
2026-01-03 05:00:00,CELL_129,5G,n41,-94.52,-7.25,7.34,-78.08,46.25,0.196,0,108.85
2026-01-03 05:05:00,CELL_114,5G,n41,-88.25,-8.94,-0.92,-66.59,28.41,0.424,2,148.1
2026-01-03 05:10:00,CELL_110,5G,n41,-97.96,-5.1,16.78,-86.57,42.63,0.136,0,127.85
2026-01-03 05:15:00,CELL_129,5G,n41,-99.33,-15.64,27.84,-81.3,36.34,1.392,0,157.46
2026-01-03 05:20:00,CELL_121,5G,n41,-92.8,-11.8,22.73,-73.62,43.8,0.309,1,146.69
2026-01-03 05:25:00,CELL_123,5G,n77,-118.97,-12.39,11.2,-95.19,12.84,0.758,0,99.64
2026-01-03 05:30:00,CELL_105,LTE,B66,-87.8,-16.92,13.06,-77.72,39.82,1.08,3,79.24
2026-01-03 05:35:00,CELL_126,LTE,B2,-94.01,-7.82,19.21,-75.85,41.13,0.983,0,102.19
2026-01-03 05:40:00,CELL_115,5G,n77,-93.48,-11.81,20.85,-80.91,42.35,0.905,4,161.88
2026-01-03 05:45:00,CELL_123,5G,n41,-81.51,-8.78,10.6,-60.98,23.57,0.903,0,151.48
2026-01-03 05:50:00,CELL_124,LTE,B66,-119.39,-3.92,13.24,-97.5,5.0,0.149,0,55.13
2026-01-03 05:55:00,CELL_103,LTE,B2,-119.66,-12.06,15.1,-95.22,25.77,0.595,1,63.7
2026-01-03 06:00:00,CELL_102,5G,n41,-90.44,-12.26,16.88,-75.12,32.08,0.896,4,152.61
2026-01-03 06:05:00,CELL_101,LTE,B2,-94.09,-10.64,12.07,-71.46,42.96,0.81,0,82.45
2026-01-03 06:10:00,CELL_119,LTE,B4,-91.79,-8.04,12.16,-66.98,67.26,0.665,1,74.93
2026-01-03 06:15:00,CELL_127,5G,n41,-100.01,-12.7,22.66,-90.22,41.74,0.36,0,150.32
2026-01-03 06:20:00,CELL_100,5G,n77,-85.36,-12.89,21.47,-64.3,34.22,0.964,2,166.53
2026-01-03 06:25:00,CELL_104,LTE,B66,-81.88,-7.83,16.34,-59.08,41.51,1.129,0,101.8
2026-01-03 06:30:00,CELL_114,5G,n77,-87.71,-9.86,25.03,-71.0,49.56,0.486,1,180.36
2026-01-03 06:35:00,CELL_111,LTE,B2,-97.39,-17.13,10.29,-85.44,33.15,1.709,1,95.78
2026-01-03 06:40:00,CELL_103,5G,n77,-121.4,-14.68,24.36,-98.69,30.9,2.422,1,120.55
2026-01-03 06:45:00,CELL_118,LTE,B12,-84.0,-6.5,16.8,-72.0,25.66,0.772,1,108.7
2026-01-03 06:50:00,CELL_127,5G,n77,-78.12,-9.79,35.9,-61.01,54.28,0.324,1,205.21
2026-01-03 06:55:00,CELL_106,LTE,B12,-85.62,-13.29,4.65,-67.82,47.89,0.192,0,68.67
2026-01-03 07:00:00,CELL_100,LTE,B4,-105.44,-11.51,8.17,-83.86,31.39,0.555,0,71.44
2026-01-03 07:05:00,CELL_106,5G,n77,-85.24,-10.96,15.93,-70.37,31.28,0.72,1,163.49
2026-01-03 07:10:00,CELL_105,LTE,B2,-82.81,-8.79,15.78,-68.24,49.64,0.179,0,98.01
2026-01-03 07:15:00,CELL_113,LTE,B12,-73.74,-15.07,26.65,-55.24,38.24,0.538,0,151.89
2026-01-03 07:20:00,CELL_103,LTE,B12,-105.39,-13.52,8.32,-82.36,33.98,1.637,0,56.14
2026-01-03 07:25:00,CELL_110,5G,n77,-96.94,-10.18,19.33,-67.51,23.19,0.818,0,142.59
2026-01-03 07:30:00,CELL_103,5G,n41,-84.29,-11.3,21.14,-73.82,38.08,0.421,1,173.34
2026-01-03 07:35:00,CELL_120,5G,n77,-93.25,-9.28,17.93,-73.68,27.63,0.741,0,157.65
2026-01-03 07:40:00,CELL_114,LTE,B12,-108.53,-14.69,6.27,-95.96,35.19,2.523,1,51.99
2026-01-03 07:45:00,CELL_102,LTE,B12,-88.61,-9.93,22.85,-65.52,21.96,0.709,2,125.34
2026-01-03 07:50:00,CELL_101,LTE,B2,-86.48,-7.73,21.61,-73.17,43.16,0.615,1,107.69
2026-01-03 07:55:00,CELL_114,LTE,B2,-92.86,-9.54,17.2,-78.23,39.28,1.318,2,81.64
2026-01-03 08:00:00,CELL_117,5G,n41,-91.15,-10.58,14.43,-76.09,28.18,0.976,1,147.07
2026-01-03 08:05:00,CELL_105,5G,n41,-250.0,-11.29,14.58,-79.74,35.98,0.822,2,139.06
2026-01-03 08:10:00,CELL_109,5G,n41,-74.78,-13.5,12.45,-55.17,44.22,1.008,3,160.28
2026-01-03 08:15:00,CELL_118,LTE,B66,-105.71,-11.22,17.49,-85.29,52.52,2.008,2,65.03
2026-01-03 08:20:00,CELL_114,5G,n41,-101.64,-7.22,13.22,-83.66,41.29,1.552,2,118.95
2026-01-03 08:25:00,CELL_103,LTE,B66,-93.86,-11.36,7.06,-82.51,38.39,0.574,1,82.67
2026-01-03 08:30:00,CELL_111,LTE,B66,-82.57,-13.67,5.66,-60.93,33.5,2.42,2,65.57
2026-01-03 08:35:00,CELL_105,LTE,B4,-113.47,-12.48,7.74,-95.73,26.34,0.449,0,82.92
2026-01-03 08:40:00,CELL_127,LTE,B12,-111.03,-10.4,14.55,-87.23,33.1,0.818,0,75.17
2026-01-03 08:45:00,CELL_124,LTE,B12,-120.49,-12.12,12.81,-106.03,42.29,0.906,1,29.93
2026-01-03 08:50:00,CELL_109,LTE,B2,-93.57,-9.54,14.51,-83.59,30.21,0.547,3,88.93
2026-01-03 08:55:00,CELL_107,LTE,B12,-108.54,-9.43,16.51,-90.71,43.44,2.221,1,69.31
2026-01-03 09:00:00,CELL_104,5G,n41,-99.0,-8.33,8.61,-74.52,18.52,0.52,1,126.46
2026-01-03 09:05:00,CELL_122,LTE,B2,-85.4,-6.73,23.26,-66.6,17.09,0.657,1,106.72
2026-01-03 09:10:00,CELL_127,LTE,B66,-102.34,-8.01,11.13,-85.34,54.29,1.74,0,44.39
2026-01-03 09:15:00,CELL_108,5G,n77,-90.99,-13.8,9.97,-77.35,25.88,0.466,2,146.2
2026-01-03 09:20:00,CELL_119,5G,n41,-97.89,-13.71,16.38,-71.1,20.44,0.169,1,128.41
2026-01-03 09:25:00,CELL_107,LTE,B2,-85.26,-11.23,0.14,-72.41,25.59,0.84,0,56.19
2026-01-03 09:30:00,CELL_127,LTE,B12,-87.82,-12.35,7.47,-73.45,48.35,0.243,1,83.69
2026-01-03 09:35:00,CELL_108,5G,n41,-103.0,-14.41,19.87,-82.14,53.62,0.211,1,133.09
2026-01-03 09:40:00,CELL_102,LTE,B66,-96.19,-12.33,0.84,-87.47,35.95,0.036,1,49.96
2026-01-03 09:45:00,CELL_126,LTE,B66,-80.43,-12.42,20.82,-56.06,38.77,0.047,1,114.38
2026-01-03 09:50:00,,5G,n41,-88.89,-13.02,23.58,-67.77,49.07,0.055,1,147.67
bad_timestamp,CELL_111,LTE,B66,-112.16,-11.95,10.41,-89.66,14.84,2.67,0,59.65
2026-01-03 10:00:00,CELL_127,5G,n41,-85.48,-7.46,15.04,-64.69,62.5,0.054,0,138.48
2026-01-03 10:05:00,CELL_107,5G,n77,-108.1,-10.4,20.83,-90.91,69.66,0.236,0,119.4
2026-01-03 10:10:00,CELL_108,5G,n77,-75.64,-3.58,9.73,-62.95,5.0,0.668,0,175.42
2026-01-03 10:15:00,CELL_116,LTE,B12,-80.69,-10.49,19.07,-63.39,40.54,1.27,1,106.12
2026-01-03 10:20:00,CELL_118,LTE,B4,-90.23,-11.87,8.3,-77.11,31.22,1.381,0,70.37
2026-01-03 10:25:00,CELL_111,LTE,B2,-91.96,-10.99,9.66,-71.53,38.03,0.324,1,56.31
2026-01-03 10:30:00,CELL_123,LTE,B12,-96.72,-10.23,7.4,-74.68,35.72,0.805,0,73.7
2026-01-03 10:35:00,CELL_123,5G,n77,-85.18,-9.69,15.4,-59.8,45.18,0.649,1,152.64
2026-01-03 10:40:00,CELL_103,LTE,B12,-98.82,-4.77,21.11,-78.96,40.31,0.763,0,87.31
2026-01-03 10:45:00,CELL_129,LTE,B2,-90.94,-13.54,11.71,-68.31,28.34,0.86,1,74.71
2026-01-03 10:50:00,CELL_104,5G,n41,-82.66,-8.42,4.1,-66.15,30.42,1.076,0,137.3
2026-01-03 10:55:00,CELL_115,5G,n77,-101.3,-10.38,5.42,-85.69,40.72,0.413,0,119.64
2026-01-03 11:00:00,CELL_112,LTE,B12,-102.01,-15.71,15.76,-81.64,24.24,0.524,0,87.15
2026-01-03 11:05:00,CELL_113,5g,B12,-109.53,-8.69,25.91,-93.46,17.31,3.708,1,101.35
2026-01-03 11:10:00,CELL_103,5G,n77,-107.84,-7.2,15.76,-88.49,62.89,0.44,0,125.76
2026-01-03 11:15:00,CELL_110,5G,n41,-117.77,-13.57,10.29,-105.08,23.36,0.818,0,105.77
2026-01-03 11:20:00,CELL_100,5G,n41,,-11.03,18.36,-70.92,30.94,0.655,1,173.63
2026-01-03 11:25:00,CELL_129,5G,n41,-70.48,-16.18,11.32,-49.31,27.03,0.789,1,170.45
2026-01-03 11:30:00,CELL_104,5G,n77,-75.47,-14.78,10.35,-53.04,41.22,1.777,1,150.54
2026-01-03 11:35:00,CELL_114,LTE,B2,-115.14,-7.86,6.29,-102.07,68.59,0.619,0,44.8
2026-01-03 11:40:00,CELL_106,LTE,B4,-84.58,-12.4,22.86,-63.22,50.7,0.2,1,102.42
2026-01-03 11:45:00,CELL_105,LTE,B12,-75.51,-14.33,-4.77,-60.18,19.22,0.405,1,79.83
2026-01-03 11:50:00,CELL_111,5G,n77,-99.94,-10.31,18.59,-81.86,12.24,0.62,1,166.72
2026-01-03 11:55:00,CELL_129,5G,n77,-92.68,-12.57,9.75,-67.6,27.02,0.885,1,139.82
2026-01-03 12:00:00,CELL_114,LTE,B4,-120.1,-12.41,10.13,-98.07,37.98,0.326,2,36.96
2026-01-03 12:05:00,CELL_128,LTE,B4,-250.0,-8.78,24.85,-68.55,16.17,0.367,2,100.68
2026-01-03 12:10:00,CELL_124,LTE,B12,-107.83,-14.49,8.0,-80.28,54.29,0.915,0,19.94
2026-01-03 12:15:00,CELL_113,5G,n77,-91.4,-13.72,8.24,-76.92,16.71,0.943,1,163.6
2026-01-03 12:20:00,CELL_127,LTE,B2,-114.3,-10.54,12.09,-101.23,64.4,1.581,0,43.02
2026-01-03 12:25:00,CELL_110,LTE,B2,-86.94,-8.09,15.9,-72.55,69.31,0.399,1,79.52
2026-01-03 12:30:00,CELL_115,LTE,B4,-80.68,-7.29,9.91,-63.95,38.28,1.169,1,95.62
2026-01-03 12:35:00,CELL_120,LTE,B2,-104.18,-13.0,1.98,-97.95,48.58,0.656,0,31.83
2026-01-03 12:40:00,CELL_117,LTE,B66,-108.78,-8.19,6.94,-91.82,23.52,0.463,1,53.16
2026-01-03 12:45:00,CELL_124,LTE,B4,-122.03,-13.35,21.97,-106.75,51.36,0.677,1,46.72
2026-01-03 12:50:00,CELL_104,LTE,B12,-97.46,-5.52,13.52,-75.54,34.53,0.769,1,63.07
2026-01-03 12:55:00,CELL_114,LTE,B2,-101.56,-14.4,16.16,-81.8,25.69,0.173,1,61.57
2026-01-03 13:00:00,CELL_119,LTE,B4,-114.16,-7.01,11.17,-99.17,37.66,0.192,0,36.85
2026-01-03 13:05:00,CELL_109,LTE,B66,-88.11,-12.97,8.38,-67.16,35.01,1.307,0,92.91
2026-01-03 13:10:00,CELL_126,LTE,B12,-99.85,-4.96,24.74,-78.23,37.12,0.511,0,90.57
2026-01-03 13:15:00,CELL_109,5G,n41,-107.98,-9.23,11.68,-93.83,47.25,0.891,1,117.4
2026-01-03 13:20:00,CELL_109,LTE,B12,-101.21,-14.05,9.9,-85.67,30.22,1.275,0,79.81
2026-01-03 13:25:00,CELL_109,LTE,B12,-80.07,-12.57,20.67,-73.2,68.03,0.68,1,105.1
2026-01-03 13:30:00,CELL_120,LTE,B2,-86.16,,7.94,-73.62,22.12,1.187,0,84.81
2026-01-03 13:35:00,CELL_103,LTE,B66,-95.69,-7.84,8.84,-81.4,66.23,0.773,0,62.63
2026-01-03 13:40:00,CELL_104,LTE,B66,-85.95,-11.21,13.07,-67.58,26.75,0.807,0,94.49
2026-01-03 13:45:00,CELL_123,LTE,B12,-109.09,-10.87,13.0,-95.82,41.98,1.894,2,66.9
2026-01-03 13:50:00,,5G,n77,-93.58,-8.72,14.82,-78.15,25.65,0.612,1,170.05
2026-01-03 13:55:00,CELL_103,LTE,B4,-92.08,-10.6,27.64,-80.21,36.84,1.319,1,130.5
2026-01-03 14:00:00,CELL_107,LTE,B12,-100.11,-14.88,15.35,-81.25,54.02,0.133,0,51.4
2026-01-03 14:05:00,CELL_111,LTE,B66,-88.34,-13.44,-3.65,-68.21,64.5,0.863,0,39.77
2026-01-03 14:10:00,,LTE,B12,-104.15,-10.29,15.28,-84.13,59.86,2.28,0,58.05
2026-01-03 14:15:00,CELL_125,LTE,B2,-87.37,-7.35,13.27,-69.31,35.93,3.906,1,81.76
2026-01-03 14:20:00,CELL_103,5G,n41,-86.83,-6.15,13.3,-76.53,35.76,0.144,0,132.73
2026-01-03 14:25:00,CELL_112,5G,n77,-131.92,,14.72,-117.02,21.27,0.508,0,78.82
2026-01-03 14:30:00,CELL_106,LTE,B4,-78.53,-10.14,12.8,-62.56,27.13,0.25,5,118.36
2026-01-03 14:35:00,CELL_108,LTE,B12,-133.62,-8.75,12.63,-117.64,24.81,0.636,0,29.2
2026-01-03 14:40:00,CELL_101,LTE,B12,-102.01,-13.0,17.29,-83.63,35.44,1.5,0,61.57
2026-01-03 14:45:00,CELL_128,LTE,B4,-80.67,-11.46,9.21,-55.54,45.74,1.947,0,71.34
2026-01-03 14:50:00,CELL_128,5G,n77,-98.12,-13.47,6.37,-76.06,5.0,1.997,1,129.8
2026-01-03 14:55:00,CELL_103,LTE,B66,-113.06,-14.75,34.17,-100.0,41.3,0.126,0,94.75
2026-01-03 15:00:00,CELL_105,LTE,B12,-108.22,-10.0,7.99,-86.83,64.74,0.753,1,44.17
2026-01-03 15:05:00,CELL_126,5G,n77,-80.65,-10.44,13.7,-59.45,49.83,0.39,0,143.69
2026-01-03 15:10:00,CELL_112,LTE,B12,-118.98,-8.94,2.53,-105.01,33.22,0.601,0,10.18
2026-01-03 15:15:00,CELL_101,LTE,B12,-79.32,-9.36,13.82,-57.08,21.05,0.452,1,129.53
2026-01-03 15:20:00,CELL_104,5G,n77,-94.72,-10.27,6.47,-77.52,39.9,0.135,0,131.53
2026-01-03 15:25:00,CELL_112,LTE,B12,-109.5,-9.33,9.9,-98.55,7.24,1.962,0,59.22
2026-01-03 15:30:00,CELL_116,LTE,B2,-101.58,-11.13,20.32,-81.3,58.65,0.329,1,74.63
2026-01-03 15:35:00,CELL_118,LTE,B66,-107.22,-9.76,16.3,-88.14,38.8,0.398,0,92.2
2026-01-03 15:40:00,CELL_104,5G,n77,-82.74,-13.18,16.98,-65.88,60.47,2.291,2,148.65
2026-01-03 15:45:00,CELL_111,LTE,B2,-84.48,-9.89,0.6,-66.67,16.1,0.103,0,97.18
2026-01-03 15:50:00,CELL_107,LTE,B2,-116.35,-8.99,25.86,-101.94,55.77,1.063,0,64.77
2026-01-03 15:55:00,CELL_116,LTE,B2,-99.25,-13.01,4.66,-78.2,40.49,1.673,1,52.4
2026-01-03 16:00:00,CELL_109,LTE,B66,-105.22,-10.84,23.7,-87.44,37.03,2.152,2,85.7
2026-01-03 16:05:00,CELL_106,5G,n41,-77.18,-12.87,20.15,-58.35,12.45,1.001,0,179.58
2026-01-03 16:10:00,CELL_124,LTE,B4,-111.55,-12.58,17.04,-91.77,50.94,1.339,3,53.79
2026-01-03 16:15:00,CELL_117,LTE,B12,-73.15,-14.37,7.02,-60.92,52.14,1.672,3,76.49
2026-01-03 16:20:00,CELL_114,5G,n77,-94.43,-7.2,14.06,-80.9,59.78,0.646,1,135.07
2026-01-03 16:25:00,CELL_104,5G,n77,-109.11,-7.8,9.7,-102.15,48.12,0.278,2,90.47
2026-01-03 16:30:00,CELL_102,LTE,B2,-102.8,-9.39,13.2,-81.98,33.09,2.424,0,72.8
2026-01-03 16:35:00,CELL_123,5G,n41,-104.42,-5.08,11.25,-92.48,17.94,1.223,0,130.99
2026-01-03 16:40:00,CELL_129,5G,n77,,-11.57,-1.27,-91.91,12.47,0.753,2,91.37
2026-01-03 16:45:00,CELL_117,LTE,B66,-92.77,-1.9,20.85,-72.91,64.1,0.146,0,99.77
2026-01-03 16:50:00,CELL_101,5G,n77,-109.96,-11.68,12.43,-88.95,21.33,1.045,1,115.59
2026-01-03 16:55:00,CELL_114,5G,n77,,-10.23,9.61,-110.36,55.2,0.019,0,82.18
2026-01-03 17:00:00,CELL_108,LTE,B2,-98.94,-12.19,9.08,-81.26,49.88,0.745,0,70.7
2026-01-03 17:05:00,CELL_101,5G,n41,-117.44,-9.88,15.51,-91.09,37.95,0.347,0,121.83
2026-01-03 17:10:00,CELL_104,LTE,B66,-103.78,-8.49,6.74,-77.21,37.4,0.451,0,53.42
2026-01-03 17:15:00,CELL_114,5G,n41,-105.82,-11.34,-2.79,-82.88,42.91,2.014,1,72.38
2026-01-03 17:20:00,CELL_112,5G,n77,-105.33,-5.67,15.85,-85.64,32.77,0.351,1,130.01
2026-01-03 17:25:00,CELL_116,LTE,B2,-67.99,-10.28,16.63,-55.01,36.46,0.78,0,120.65
2026-01-03 17:30:00,,5G,n41,-93.27,-10.19,11.6,-71.67,43.44,0.353,0,155.18
2026-01-03 17:35:00,CELL_107,LTE,B2,-90.81,-13.73,4.96,-73.6,39.84,0.962,0,73.39
2026-01-03 17:40:00,CELL_108,5G,n41,-117.09,-9.74,13.62,-96.29,21.02,0.846,0,115.98
2026-01-03 17:45:00,CELL_120,5G,n77,-102.5,-11.4,2.75,-87.67,42.0,0.745,1,91.39
2026-01-03 17:50:00,CELL_105,LTE,B12,-91.2,-12.82,5.81,-74.07,41.04,1.677,1,73.69
2026-01-03 17:55:00,CELL_102,LTE,B66,-107.32,-13.33,7.75,-88.5,49.33,0.103,0,46.29
2026-01-03 18:00:00,CELL_125,LTE,B2,-82.2,-2.98,18.91,-62.96,35.19,0.065,0,109.29
2026-01-03 18:05:00,CELL_106,LTE,B4,-109.64,,10.46,-89.17,23.86,0.185,1,73.95
2026-01-03 18:10:00,CELL_103,LTE,B12,-97.72,-15.37,9.86,-82.62,68.03,0.85,1,62.15
2026-01-03 18:15:00,CELL_122,LTE,B12,-101.62,-13.09,26.68,-90.34,65.2,1.111,1,57.35
2026-01-03 18:20:00,CELL_115,LTE,B4,-91.86,-11.15,15.47,-65.74,55.26,1.098,0,81.15
2026-01-03 18:25:00,,LTE,B2,-102.33,-9.36,15.37,-71.88,36.18,0.521,0,81.24
2026-01-03 18:30:00,CELL_125,5G,n41,-97.52,-9.34,10.41,-77.28,28.5,2.473,0,119.81
2026-01-03 18:35:00,CELL_107,5G,n41,-97.07,-8.97,8.83,-85.69,53.73,1.03,0,119.99
2026-01-03 18:40:00,CELL_120,5G,n77,-103.55,-12.93,-2.3,-89.41,27.69,2.256,1,66.99
2026-01-03 18:45:00,CELL_119,LTE,B66,-87.69,-9.98,19.78,-67.15,32.51,1.936,1,67.16
2026-01-03 18:50:00,CELL_124,5G,n41,-90.9,-13.63,16.14,-66.2,61.08,0.522,0,129.6
2026-01-03 18:55:00,CELL_121,5G,n41,-95.15,-12.86,11.75,-83.22,32.28,1.506,1,134.91
2026-01-03 19:00:00,CELL_121,LTE,B12,-99.6,-13.75,12.04,-82.22,68.53,0.52,0,24.14
2026-01-03 19:05:00,CELL_101,LTE,B2,-83.64,-14.57,18.15,-64.67,21.02,2.712,0,95.65
2026-01-03 19:10:00,CELL_128,5G,n41,-97.07,-7.81,2.12,-74.74,40.77,0.572,0,88.73
2026-01-03 19:15:00,CELL_103,LTE,B66,-97.99,-8.93,8.87,-81.71,73.07,1.157,0,50.23
2026-01-03 19:20:00,CELL_107,LTE,B4,-92.64,-8.07,5.05,-82.46,42.45,3.104,1,76.76
2026-01-03 19:25:00,CELL_113,5G,n77,-71.94,-10.88,25.4,-50.84,29.04,1.2,1,191.87
2026-01-03 19:30:00,CELL_108,LTE,B4,-111.42,-8.67,19.13,-87.8,24.48,0.467,1,77.45
2026-01-03 19:35:00,CELL_117,LTE,B4,-83.99,-16.28,-2.42,-66.4,58.24,0.158,2,66.22
2026-01-03 19:40:00,CELL_101,5G,n41,-118.61,-8.41,2.4,-98.59,21.45,0.105,0,94.13
2026-01-03 19:45:00,CELL_113,5G,n77,-91.18,-10.47,12.07,-75.55,31.58,1.093,2,135.64
2026-01-03 19:50:00,CELL_110,LTE,B2,-73.52,-9.12,9.69,-59.75,23.48,0.676,1,120.54
2026-01-03 19:55:00,CELL_119,5G,n77,-87.65,-9.86,3.73,-64.52,56.35,0.19,1,127.22
2026-01-03 20:00:00,CELL_115,5G,n41,-91.78,-13.96,26.61,-71.84,50.32,1.375,1,163.86
2026-01-03 20:05:00,CELL_122,LTE,B12,-101.29,-15.49,15.19,-80.83,41.53,1.359,0,72.48
2026-01-03 20:10:00,CELL_104,5G,n77,-93.6,,16.32,-68.09,15.69,0.665,0,152.23
2026-01-03 20:15:00,CELL_128,LTE,B4,-97.28,-9.31,8.16,-84.55,65.04,2.333,0,60.86
2026-01-03 20:20:00,CELL_111,LTE,B4,-104.22,-8.93,18.06,-88.98,36.51,0.076,1,79.15
2026-01-03 20:25:00,CELL_110,5G,n41,-97.77,-15.1,10.34,-78.98,16.42,0.486,1,151.77
2026-01-03 20:30:00,CELL_116,LTE,B4,-91.42,-13.94,11.02,-76.24,15.57,1.195,0,77.9
2026-01-03 20:35:00,CELL_104,5G,n77,-103.97,-13.17,17.28,-82.06,23.31,0.22,0,160.69
2026-01-03 20:40:00,CELL_124,5G,n77,-104.48,-12.07,1.6,-87.42,11.18,1.49,0,114.03
2026-01-03 20:45:00,CELL_107,LTE,B4,-111.68,-15.09,24.18,-98.65,32.66,1.861,0,68.49
2026-01-03 20:50:00,CELL_127,5G,n77,-88.92,-15.27,14.28,-70.59,44.17,0.008,0,155.96
2026-01-03 20:55:00,CELL_104,LTE,B66,-86.91,-13.47,21.97,-68.06,36.37,2.394,0,96.77
2026-01-03 21:00:00,CELL_125,5G,n77,-90.99,-10.74,5.47,-68.32,38.34,1.134,0,125.56
2026-01-03 21:05:00,CELL_111,LTE,B66,-81.45,-14.54,6.54,-61.49,31.15,0.428,1,84.32
2026-01-03 21:10:00,CELL_118,5G,n41,-92.86,-11.35,4.87,-72.55,33.98,0.119,1,125.08
2026-01-03 21:15:00,CELL_126,LTE,B66,-88.9,-7.82,14.75,-69.3,70.81,1.656,0,87.4
2026-01-03 21:20:00,CELL_103,LTE,B2,-90.05,-14.91,13.46,-72.99,36.77,0.177,0,100.06
2026-01-03 21:25:00,CELL_110,5G,n77,-95.19,-11.62,9.75,-80.77,38.77,1.132,1,112.99
2026-01-03 21:30:00,CELL_128,5G,n41,-100.9,-7.93,5.9,-81.46,9.52,0.187,0,116.89
2026-01-03 21:35:00,CELL_104,LTE,B2,-65.22,-12.25,4.13,-48.88,64.8,0.729,0,96.38
2026-01-03 21:40:00,CELL_103,5G,n41,-99.88,-12.72,12.66,-73.43,25.84,1.597,0,135.22
2026-01-03 21:45:00,CELL_115,5G,n77,-102.66,-7.51,9.74,-77.95,48.76,0.434,0,109.54
2026-01-03 21:50:00,CELL_100,LTE,B12,-88.36,-11.92,8.2,-67.19,40.15,2.382,1,89.49
2026-01-03 21:55:00,CELL_129,LTE,B4,-90.73,-7.69,23.83,-70.83,51.17,1.219,0,112.99
2026-01-03 22:00:00,CELL_127,LTE,B66,-112.26,-9.71,12.42,-94.7,52.07,0.221,0,47.51
2026-01-03 22:05:00,CELL_105,5G,n77,-79.41,-12.03,21.89,-67.71,26.21,0.134,0,176.9
2026-01-03 22:10:00,CELL_105,LTE,B4,-95.22,-9.56,9.27,-78.31,58.38,0.305,0,65.57
2026-01-03 22:15:00,CELL_123,LTE,B66,-108.44,-10.04,14.71,-89.94,30.62,0.696,0,67.54
2026-01-03 22:20:00,CELL_115,LTE,B2,-78.55,-7.94,12.61,-59.4,53.67,2.559,0,103.17
2026-01-03 22:25:00,CELL_124,5G,n41,-85.87,-12.65,1.12,-65.52,27.15,2.941,0,130.05
2026-01-03 22:30:00,CELL_129,lte,B2,-110.44,-10.88,23.0,-87.83,47.24,0.416,1,79.32
2026-01-03 22:35:00,CELL_112,5G,n77,-70.9,-11.18,12.05,-56.36,26.07,0.402,0,183.2
2026-01-03 22:40:00,CELL_107,LTE,B2,-85.44,-8.89,18.22,-70.85,42.75,1.398,1,109.29
2026-01-03 22:45:00,CELL_118,5G,n77,-94.13,-14.08,7.74,-68.88,16.88,1.388,2,130.46
2026-01-03 22:50:00,CELL_119,LTE,B66,-73.33,-7.95,11.85,-51.47,45.71,2.092,0,104.14
2026-01-03 22:55:00,CELL_112,LTE,B12,-91.93,-9.6,6.93,-75.88,42.66,2.136,1,70.26
2026-01-03 23:00:00,CELL_108,5G,n41,-94.37,-14.95,21.65,-76.9,24.9,0.281,0,170.51
2026-01-03 23:05:00,CELL_107,5G,n77,-102.58,-7.38,15.18,-85.1,32.17,0.097,1,126.72
2026-01-03 23:10:00,CELL_115,LTE,B2,-86.44,-4.3,15.57,-68.28,44.01,1.234,3,81.07
2026-01-03 23:15:00,CELL_112,4G,B12,-87.8,-7.99,22.51,-67.44,32.75,0.892,1,108.57
2026-01-03 23:20:00,CELL_113,5G,n41,-93.81,-6.72,21.09,-63.13,31.07,0.094,4,146.94
2026-01-03 23:25:00,CELL_102,5G,n41,-104.27,-10.74,18.36,-85.32,17.92,1.183,0,124.93
2026-01-03 23:30:00,CELL_126,LTE,B4,-92.31,-15.98,3.05,-71.0,77.19,0.638,1,55.86
2026-01-03 23:35:00,CELL_121,5g,B4,-94.91,-16.53,8.13,-85.34,57.89,1.207,0,66.02
2026-01-03 23:40:00,CELL_127,5G,n77,-111.34,-10.23,5.97,-95.76,37.1,0.202,0,88.04
2026-01-03 23:45:00,CELL_124,5G,n41,-113.13,-12.78,18.09,-88.99,50.58,1.283,1,111.16
2026-01-03 23:50:00,CELL_118,5G,n77,-86.65,-13.74,14.19,-66.64,5.0,0.996,0,161.84
2026-01-03 23:55:00,CELL_109,LTE,B12,-127.82,-11.19,3.27,-131.77,5.0,1.365,0,30.78
2026-01-04 00:00:00,CELL_119,LTE,B4,-91.33,-9.15,11.68,-69.96,36.01,0.449,0,74.29
2026-01-04 00:05:00,CELL_116,5G,n77,-100.22,-15.36,2.54,-72.62,12.32,0.351,0,105.3
2026-01-04 00:10:00,CELL_127,5G,n77,-76.99,,12.63,-68.97,29.45,0.119,0,174.33
2026-01-04 00:15:00,CELL_106,5G,n41,-100.42,-6.47,1.41,-74.82,36.08,0.533,1,87.77
2026-01-04 00:20:00,CELL_100,LTE,B66,-85.43,-14.23,16.7,-81.29,55.81,1.798,0,87.67
2026-01-04 00:25:00,CELL_103,LTE,B2,-99.16,-8.39,15.65,-76.47,24.93,2.212,0,76.61
2026-01-04 00:30:00,CELL_105,5G,n41,-92.52,-12.45,26.36,-74.56,38.99,0.179,1,168.36
2026-01-04 00:35:00,CELL_119,LTE,B66,-84.42,-9.36,18.94,-78.17,42.22,0.696,0,110.98
2026-01-04 00:40:00,CELL_104,5G,n77,-100.01,-7.71,10.04,-79.78,38.21,2.589,0,134.24
2026-01-04 00:45:00,CELL_104,LTE,B66,-81.04,-8.78,18.73,-57.29,34.2,2.864,1,83.16
2026-01-04 00:50:00,CELL_111,5G,n41,-106.92,-8.27,3.22,-87.1,53.75,0.511,2,102.6
2026-01-04 00:55:00,CELL_123,5G,n77,-90.17,-14.45,6.26,-69.25,31.45,1.928,1,94.74
2026-01-04 01:00:00,CELL_112,LTE,B4,-82.01,-7.66,15.33,-66.06,68.61,1.671,0,104.21
2026-01-04 01:05:00,CELL_108,LTE,B4,-85.42,-13.56,-2.11,-76.73,30.14,1.56,0,38.47
2026-01-04 01:10:00,CELL_108,5G,n77,-69.09,-10.22,12.74,-47.63,44.14,0.073,0,202.3
2026-01-04 01:15:00,CELL_124,5G,n41,-103.92,-10.23,5.86,-77.18,32.1,0.389,0,110.32
2026-01-04 01:20:00,CELL_112,LTE,B4,-111.93,-9.54,13.71,-88.28,37.08,0.624,0,77.85
2026-01-04 01:25:00,CELL_111,4G,n77,-106.93,-9.99,5.46,-98.87,42.48,0.606,1,115.82
2026-01-04 01:30:00,CELL_123,5G,n77,-85.41,-13.53,15.97,-74.99,28.51,0.688,1,154.13
2026-01-04 01:35:00,CELL_111,LTE,B4,-87.53,-15.05,13.14,-73.76,5.0,3.108,0,90.35
2026-01-04 01:40:00,CELL_110,LTE,B66,-92.67,-8.38,22.8,-82.64,5.0,0.53,0,111.38
2026-01-04 01:45:00,CELL_122,LTE,B4,-108.6,-10.44,13.05,-90.38,61.09,1.038,1,60.89
2026-01-04 01:50:00,CELL_109,LTE,B66,-84.03,-7.55,7.62,-64.06,60.45,1.005,1,68.56
2026-01-04 01:55:00,CELL_115,LTE,B66,-109.92,-11.13,11.27,-99.07,70.31,0.697,0,35.8
2026-01-04 02:00:00,CELL_119,LTE,B12,-78.93,-15.22,3.59,-57.05,41.74,0.195,1,90.58
2026-01-04 02:05:00,CELL_106,5G,n77,-56.85,-8.1,15.84,-35.85,13.61,0.79,0,194.43
2026-01-04 02:10:00,CELL_103,LTE,B2,-89.24,-12.11,17.13,-73.98,35.71,0.032,0,99.89
2026-01-04 02:15:00,CELL_125,5G,n41,-86.42,-9.97,30.28,-69.28,33.17,1.132,0,186.9
2026-01-04 02:20:00,CELL_108,LTE,B2,-100.41,-12.94,8.65,-92.16,26.89,0.021,0,66.99
2026-01-04 02:25:00,CELL_110,LTE,B12,-117.53,-6.07,11.13,-101.19,66.73,1.044,0,28.84
2026-01-04 02:30:00,CELL_117,5G,n77,-101.84,-13.63,8.97,-83.8,66.59,0.366,1,126.61
2026-01-04 02:35:00,CELL_103,5G,n77,-108.21,-12.01,14.48,-89.36,40.17,0.233,0,122.3
2026-01-04 02:40:00,CELL_101,LTE,B66,-112.81,-10.68,15.67,-92.92,41.84,1.416,0,54.87
2026-01-04 02:45:00,CELL_112,LTE,B4,-71.61,-14.28,12.63,-52.39,22.58,0.467,1,117.53
2026-01-04 02:50:00,CELL_129,lte,B12,-90.45,-10.01,20.6,-73.77,65.2,0.752,1,97.02
2026-01-04 02:55:00,CELL_117,LTE,B12,-89.06,-6.16,8.68,-69.63,43.14,0.078,2,66.96
2026-01-04 03:00:00,CELL_117,LTE,B66,-98.02,-12.47,19.9,-75.01,37.66,2.342,2,86.5
2026-01-04 03:05:00,CELL_118,LTE,B12,-96.25,-9.81,16.77,-78.72,49.22,0.824,0,86.9
2026-01-04 03:10:00,CELL_125,LTE,B2,-81.46,-19.25,12.92,-61.87,33.21,0.822,0,80.96
2026-01-04 03:15:00,CELL_125,LTE,B66,-94.42,-11.12,10.8,-77.35,44.2,1.154,0,95.67
2026-01-04 03:20:00,CELL_100,5G,n41,-87.1,-11.94,29.99,-72.33,11.36,2.529,1,201.69
2026-01-04 03:25:00,CELL_116,5G,n41,-96.55,-13.46,7.28,-75.93,49.31,0.509,0,110.49
2026-01-04 03:30:00,CELL_116,LTE,B2,-98.45,-7.76,unknown,-83.22,40.43,2.413,1,57.48
2026-01-04 03:35:00,CELL_106,LTE,B2,,-11.98,7.75,-92.36,59.38,0.491,1,41.63
2026-01-04 03:40:00,CELL_129,LTE,B12,-119.71,,25.5,-101.57,38.98,0.379,1,58.19
2026-01-04 03:45:00,CELL_107,LTE,B66,-97.4,,19.21,-80.92,39.96,1.086,0,106.29
2026-01-04 03:50:00,CELL_125,5G,n77,-93.27,-16.75,8.25,-76.91,14.82,3.591,1,117.6
2026-01-04 03:55:00,CELL_103,5G,n41,-110.72,-14.4,16.59,-95.26,44.4,1.926,0,134.66
2026-01-04 04:00:00,CELL_118,4G,n41,-94.45,-8.12,14.8,-84.68,19.86,1.194,0,137.64
2026-01-04 04:05:00,CELL_122,5G,n77,-93.3,-17.33,9.38,-73.39,25.7,1.071,1,132.74
2026-01-04 04:10:00,CELL_115,5G,n77,-122.03,-13.3,18.31,-102.87,33.02,0.783,0,129.47
2026-01-04 04:15:00,CELL_103,5G,n41,-105.9,-12.2,15.73,-83.65,34.82,2.328,0,117.95
2026-01-04 04:20:00,CELL_103,LTE,B66,-88.71,-5.77,14.51,-73.36,16.41,1.447,0,103.07
2026-01-04 04:25:00,CELL_118,LTE,B2,-88.97,-8.69,12.71,-61.49,38.54,0.115,1,104.6
2026-01-04 04:30:00,CELL_125,LTE,B12,-109.0,-12.67,16.02,-92.9,53.93,0.235,2,55.85
bad_timestamp,CELL_117,LTE,B12,-91.94,-7.09,14.61,-78.32,36.32,1.231,1,71.46
2026-01-04 04:40:00,CELL_103,LTE,B12,-80.71,-13.22,13.41,-67.68,38.63,0.185,2,84.42
2026-01-04 04:45:00,CELL_123,5G,n41,-83.9,-7.97,8.51,-74.57,35.44,0.819,0,150.97
2026-01-04 04:50:00,CELL_113,5G,n41,-95.24,-15.08,24.86,-69.58,31.11,1.55,0,165.67
2026-01-04 04:55:00,CELL_102,LTE,B12,-100.08,-7.78,5.65,-75.23,26.54,1.093,1,74.36
2026-01-04 05:00:00,CELL_111,LTE,B4,-102.18,-12.22,15.99,-81.18,41.45,0.147,1,75.88
2026-01-04 05:05:00,CELL_106,LTE,B4,-87.92,-14.09,10.76,-74.4,56.91,0.252,1,63.22
2026-01-04 05:10:00,CELL_129,LTE,B12,-91.46,-11.65,25.32,-64.41,26.23,1.123,0,88.1
2026-01-04 05:15:00,CELL_127,5G,n41,-85.82,-10.17,6.68,-69.58,27.38,3.297,0,162.43
2026-01-04 05:20:00,CELL_103,5G,n41,-92.29,-12.48,7.85,-75.63,12.28,0.664,1,146.32
2026-01-04 05:25:00,CELL_117,5G,n41,-83.36,-9.34,6.21,-58.17,47.12,1.595,3,127.17
2026-01-04 05:30:00,CELL_100,LTE,B2,-92.77,-12.75,15.26,-71.48,40.61,1.101,3,85.47
2026-01-04 05:35:00,CELL_113,LTE,B4,-83.8,-9.14,3.39,-54.79,29.25,0.362,1,64.35
2026-01-04 05:40:00,CELL_104,LTE,B4,-82.68,-9.67,9.65,-63.44,43.38,1.61,0,76.02
2026-01-04 05:45:00,CELL_122,5G,n41,-104.46,-11.18,-2.07,-88.44,14.95,0.073,2,123.8
2026-01-04 05:50:00,CELL_102,5G,n77,-117.51,-12.32,14.68,-102.56,17.5,1.514,0,123.38
2026-01-04 05:55:00,CELL_127,LTE,B4,-73.93,-10.55,9.5,-65.17,20.1,1.162,1,98.19
2026-01-04 06:00:00,CELL_106,5G,n77,-90.66,-9.35,2.58,-74.06,17.0,0.403,0,117.57
2026-01-04 06:05:00,CELL_107,LTE,B66,-116.29,-4.81,20.6,-92.57,62.36,0.208,2,52.71
2026-01-04 06:10:00,CELL_126,5G,n41,-103.28,-8.18,3.85,-82.29,22.0,0.444,1,110.01
2026-01-04 06:15:00,CELL_127,LTE,B4,-83.97,-8.07,18.58,-65.86,48.99,0.33,0,131.46
2026-01-04 06:20:00,CELL_102,LTE,B4,-97.64,-1.73,8.09,-84.61,29.46,0.56,2,67.54
2026-01-04 06:25:00,CELL_103,5G,n41,-100.66,-9.45,24.21,-81.52,44.39,-5.0,0,137.96
2026-01-04 06:30:00,CELL_125,LTE,B2,-75.79,-9.55,18.25,-52.72,26.61,0.402,0,125.53
2026-01-04 06:35:00,CELL_129,LTE,B4,-107.61,-8.89,5.94,-87.46,42.59,0.068,0,55.63
2026-01-04 06:40:00,CELL_114,LTE,B2,-104.38,-14.03,6.58,-85.54,42.79,0.17,0,42.19
2026-01-04 06:45:00,CELL_104,5g,B12,-91.25,-12.33,17.24,-77.24,76.92,1.826,0,79.54
2026-01-04 06:50:00,CELL_104,5G,n77,-88.92,-12.52,11.16,-66.59,42.46,0.416,1,154.61
2026-01-04 06:55:00,CELL_107,5G,n77,-87.55,-9.06,11.81,-85.21,24.11,0.571,1,151.89
2026-01-04 07:00:00,CELL_120,5G,n77,-82.15,-11.52,21.91,-62.24,43.28,0.468,2,159.82
2026-01-04 07:05:00,CELL_102,LTE,B12,-91.42,-10.59,7.76,-60.57,74.07,2.37,0,46.6
2026-01-04 07:10:00,CELL_119,LTE,B12,-87.64,-7.74,13.64,-77.18,17.56,0.321,1,83.08
2026-01-04 07:15:00,CELL_124,LTE,B4,-97.37,-8.41,19.68,-80.58,29.36,0.294,0,97.92
2026-01-04 07:20:00,CELL_104,LTE,B4,-93.18,-11.49,18.66,-75.22,38.45,1.185,0,98.32
2026-01-04 07:25:00,CELL_129,LTE,B4,-92.6,-13.01,11.88,-76.91,35.74,0.881,1,71.29
2026-01-04 07:30:00,CELL_129,5G,n41,-91.2,-7.59,10.98,-68.02,28.01,1.214,0,163.63
2026-01-04 07:35:00,CELL_108,5G,n41,-83.96,-8.68,0.83,-63.59,13.44,1.148,0,144.79
2026-01-04 07:40:00,CELL_103,5G,n77,-86.78,-15.82,5.61,-68.02,54.06,1.645,1,98.54
2026-01-04 07:45:00,CELL_109,LTE,B4,-93.43,-11.94,15.23,-71.44,20.66,0.141,2,75.08
2026-01-04 07:50:00,CELL_107,LTE,B4,-104.52,-10.5,12.03,-86.43,39.0,1.087,0,53.83
2026-01-04 07:55:00,CELL_108,LTE,B66,,-8.66,13.52,-59.22,57.69,0.296,2,95.7
2026-01-04 08:00:00,CELL_127,LTE,B66,-94.36,-8.27,20.27,-75.61,41.55,0.036,0,111.74
2026-01-04 08:05:00,CELL_104,LTE,B4,-91.49,-10.15,4.69,-72.51,27.31,1.141,0,91.92
2026-01-04 08:10:00,CELL_109,LTE,B4,-65.32,-9.24,11.35,-55.87,21.77,1.083,0,124.5
2026-01-04 08:15:00,CELL_123,LTE,B2,-100.81,-10.81,14.32,-85.53,38.55,0.723,0,75.02
2026-01-04 08:20:00,CELL_101,5G,n41,-88.51,,8.07,-64.77,21.64,1.669,0,123.22
2026-01-04 08:25:00,CELL_101,LTE,B2,999.0,-11.78,23.02,-68.79,45.08,0.299,0,127.4
2026-01-04 08:30:00,CELL_109,5G,n77,-92.73,-10.94,19.36,-85.51,11.98,1.308,3,154.39
2026-01-04 08:35:00,CELL_129,LTE,B12,-63.61,-11.1,15.03,-45.45,54.2,0.625,1,118.56
2026-01-04 08:40:00,CELL_125,LTE,B2,-98.91,-16.66,25.56,-74.06,43.73,0.674,1,119.38
2026-01-04 08:45:00,CELL_127,LTE,B66,-89.79,-12.19,2.51,-71.57,44.85,0.049,1,65.15
2026-01-04 08:50:00,CELL_125,LTE,B66,-104.38,-10.83,12.95,-88.07,63.62,1.683,1,68.47
2026-01-04 08:55:00,CELL_103,LTE,B4,-98.57,-11.84,15.56,-89.86,35.43,1.046,1,61.94
2026-01-04 09:00:00,CELL_112,lte,B2,-90.76,-11.74,6.6,-70.5,31.11,1.266,0,107.43
2026-01-04 09:05:00,CELL_115,5G,n77,-83.0,-9.54,15.11,-61.69,24.78,0.251,0,161.98
2026-01-04 09:10:00,CELL_104,LTE,B4,-89.85,-14.24,5.25,-80.76,39.11,0.941,0,80.4
2026-01-04 09:15:00,CELL_129,5G,n41,-77.63,-15.88,17.83,-53.96,31.64,0.624,1,183.21
2026-01-04 09:20:00,CELL_118,5g,B66,-95.23,-12.04,20.4,-73.41,29.54,1.096,0,93.71
2026-01-04 09:25:00,CELL_125,LTE,B66,-98.32,-8.71,14.91,-74.66,11.65,0.901,2,98.72
2026-01-04 09:30:00,CELL_107,LTE,B12,-58.85,-5.94,0.03,-37.93,33.59,2.738,1,104.43
2026-01-04 09:35:00,CELL_121,LTE,B66,-88.87,-8.65,6.23,-67.61,47.4,2.109,0,57.18
2026-01-04 09:40:00,CELL_103,5G,n41,-103.35,-15.4,16.95,-82.75,35.04,0.554,2,124.96
2026-01-04 09:45:00,CELL_100,5G,n41,-103.03,-11.7,13.15,-80.68,50.99,1.14,0,120.23
2026-01-04 09:50:00,CELL_119,5G,n41,-106.25,-10.23,-5.86,-97.35,62.33,0.508,0,72.55
2026-01-04 09:55:00,CELL_102,LTE,B12,-81.82,-10.47,21.7,-71.33,53.39,1.633,1,122.61
2026-01-04 10:00:00,CELL_108,LTE,B2,-98.74,-9.38,13.96,-84.42,62.74,0.65,0,78.21
2026-01-04 10:05:00,CELL_123,5G,n41,-92.34,-13.75,7.27,-74.99,44.5,0.437,2,123.69
2026-01-04 10:10:00,CELL_114,LTE,B2,-94.83,-10.81,19.96,-74.88,67.65,0.929,0,91.44
2026-01-04 10:15:00,CELL_111,LTE,B66,-84.49,-9.74,8.26,-64.87,69.76,1.981,0,42.62
2026-01-04 10:20:00,CELL_108,LTE,B66,-105.01,-8.52,8.18,-81.42,56.27,1.737,1,37.07
2026-01-04 10:25:00,CELL_120,5G,n77,-107.98,-13.42,15.51,-84.24,43.6,0.464,0,128.02
2026-01-04 10:30:00,CELL_128,5G,n41,-91.08,-12.04,25.47,-77.45,29.92,2.554,1,174.75
2026-01-04 10:35:00,CELL_122,5G,n77,-86.19,-19.11,24.37,-66.99,32.38,0.27,0,180.71
2026-01-04 10:40:00,CELL_110,5G,n41,-89.68,-12.86,15.52,-75.92,27.93,0.381,1,172.01
2026-01-04 10:45:00,CELL_112,LTE,B12,-104.52,-12.57,16.24,-87.46,51.32,1.576,2,73.56
2026-01-04 10:50:00,CELL_103,5G,n77,-85.19,-14.06,18.54,-65.58,22.19,0.037,2,163.45
2026-01-04 10:55:00,CELL_104,LTE,B2,-103.67,-10.5,4.2,-102.71,39.13,0.754,1,48.53
2026-01-04 11:00:00,CELL_108,5G,n41,-100.78,-11.17,17.51,-70.72,5.0,0.552,0,159.15
2026-01-04 11:05:00,CELL_111,LTE,B2,-106.27,-17.78,7.86,-85.44,67.85,2.671,1,26.98
2026-01-04 11:10:00,CELL_129,5G,n77,,-10.35,15.23,-62.06,29.69,0.213,0,191.21
2026-01-04 11:15:00,CELL_126,LTE,B4,-85.77,-13.78,11.41,-58.13,48.83,0.245,1,74.78
2026-01-04 11:20:00,CELL_103,LTE,B12,-86.14,-9.54,16.51,-69.87,63.87,2.957,3,78.08
2026-01-04 11:25:00,CELL_109,LTE,B2,-77.79,-14.85,13.83,-59.12,46.5,0.558,0,113.91
2026-01-04 11:30:00,CELL_101,LTE,B4,-57.44,-10.91,-8.51,-41.87,63.67,1.92,1,65.81
2026-01-04 11:35:00,CELL_101,LTE,B4,-116.22,-11.85,14.25,-89.96,23.37,0.47,1,56.01
2026-01-04 11:40:00,CELL_111,5g,n77,-103.6,-10.09,17.5,-86.12,68.96,0.363,0,123.61
2026-01-04 11:45:00,CELL_128,LTE,B66,-102.01,-10.63,16.12,-83.26,58.31,1.996,0,74.52
2026-01-04 11:50:00,CELL_105,5G,n41,-105.06,-11.77,12.28,-81.04,36.14,3.513,1,101.22
2026-01-04 11:55:00,CELL_120,LTE,B66,-108.01,-15.61,24.5,-87.08,63.38,2.119,1,56.86
2026-01-04 12:00:00,CELL_111,5G,n77,-97.9,-15.43,15.18,-80.17,15.47,0.439,0,163.25
2026-01-04 12:05:00,CELL_116,LTE,B2,-109.82,-12.75,16.06,-86.26,37.67,0.723,1,72.39
2026-01-04 12:10:00,CELL_126,5G,n41,-89.64,-11.02,20.31,-58.95,54.66,0.259,0,167.92
2026-01-04 12:15:00,CELL_124,5G,n41,-93.33,-12.82,15.54,-73.74,5.0,0.317,2,166.9
2026-01-04 12:20:00,CELL_124,LTE,B66,-87.75,-9.12,6.71,-69.16,50.41,0.298,1,100.78
2026-01-04 12:25:00,CELL_112,5G,n41,-87.4,-11.84,-4.07,-68.55,40.98,0.482,0,125.63
2026-01-04 12:30:00,CELL_101,LTE,B66,-86.16,-13.9,9.66,-61.61,71.54,0.837,0,64.38
2026-01-04 12:35:00,CELL_129,LTE,B4,-98.85,-11.83,18.33,-83.85,18.26,0.751,0,102.6
2026-01-04 12:40:00,CELL_129,5G,n41,-66.43,-10.32,10.53,-49.82,57.14,1.394,0,153.0
2026-01-04 12:45:00,CELL_125,5G,n77,-90.95,-10.03,18.61,-80.64,24.61,0.879,0,154.44
2026-01-04 12:50:00,CELL_114,LTE,B2,-118.21,-5.36,14.04,-106.13,35.29,1.284,1,33.15
2026-01-04 12:55:00,CELL_108,LTE,B66,-107.03,-13.01,22.02,-91.62,23.67,1.461,1,82.47
2026-01-04 13:00:00,CELL_105,5G,n41,-116.63,-11.22,10.93,-98.91,16.68,0.447,1,119.42
2026-01-04 13:05:00,CELL_111,5G,n77,-93.77,-9.72,unknown,-66.93,39.05,0.637,2,141.97
2026-01-04 13:10:00,CELL_110,5G,n41,-95.58,-11.07,16.54,-74.9,16.32,6.373,0,111.02
2026-01-04 13:15:00,CELL_108,LTE,B2,-100.09,-12.5,23.51,-86.65,53.1,0.408,0,75.05
2026-01-04 13:20:00,CELL_128,5G,n41,-67.86,-15.65,1.05,-53.5,23.06,1.347,1,175.96
2026-01-04 13:25:00,CELL_119,LTE,B12,-86.86,-12.53,9.79,-61.99,23.8,0.156,0,99.89
2026-01-04 13:30:00,CELL_106,5G,n77,-84.56,-14.22,18.94,-60.93,25.08,1.496,1,154.11
2026-01-04 13:35:00,CELL_119,LTE,B12,-106.1,-16.18,23.82,-87.96,47.05,0.337,0,94.31
2026-01-04 13:40:00,CELL_121,5G,n41,-106.99,,14.68,-91.2,28.84,0.777,3,149.61
2026-01-04 13:45:00,CELL_115,LTE,B4,-93.52,-14.14,10.95,-69.9,42.51,0.705,0,86.17
2026-01-04 13:50:00,CELL_128,LTE,B4,-91.75,-9.25,18.3,-78.72,52.44,0.719,0,58.86
2026-01-04 13:55:00,CELL_128,5G,n41,-118.13,-9.2,19.08,-98.17,49.24,0.614,0,147.05
2026-01-04 14:00:00,CELL_112,lte,B2,-96.34,-13.71,10.48,-66.98,37.35,1.105,0,51.82
2026-01-04 14:05:00,CELL_114,5G,n41,-93.82,-11.78,15.31,-74.79,17.34,1.863,2,140.96
2026-01-04 14:10:00,CELL_106,LTE,B66,-96.8,-16.57,21.26,-82.67,43.14,0.244,0,84.49
2026-01-04 14:15:00,CELL_123,5G,n77,-104.57,-12.48,26.23,-84.52,40.06,0.629,0,143.44
2026-01-04 14:20:00,CELL_127,LTE,B2,-101.01,-9.8,18.2,-85.36,20.09,0.058,0,100.02
2026-01-04 14:25:00,CELL_119,LTE,B12,-96.3,-8.53,13.31,-85.27,28.64,0.868,1,58.25
2026-01-04 14:30:00,CELL_106,LTE,B12,-92.82,-13.14,12.62,-71.31,31.21,0.221,1,87.56
2026-01-04 14:35:00,CELL_115,lte,B2,-86.14,-7.84,16.9,-62.55,38.88,0.745,0,116.27
2026-01-04 14:40:00,CELL_123,LTE,B12,-79.95,-15.55,12.19,-63.5,30.58,0.901,1,91.72
2026-01-04 14:45:00,CELL_101,5G,n41,-97.83,-14.74,14.33,-81.71,43.61,0.079,0,121.12
2026-01-04 14:50:00,CELL_117,5G,n41,-99.93,-8.87,5.59,-86.74,8.92,1.029,1,122.77
2026-01-04 14:55:00,CELL_119,5G,n77,,-5.99,22.08,-71.06,9.3,1.791,0,168.37
2026-01-04 15:00:00,CELL_116,LTE,B4,-86.06,-9.52,5.02,-70.87,36.99,1.244,0,68.71
2026-01-04 15:05:00,CELL_119,LTE,B4,-250.0,-11.12,9.98,-86.7,39.37,0.251,0,57.83
bad_timestamp,CELL_126,LTE,B2,-83.72,-17.59,13.68,-56.26,20.18,0.7,1,111.52
2026-01-04 15:15:00,CELL_103,5G,n41,-81.27,-17.07,26.94,-60.93,23.9,0.777,2,194.82
2026-01-04 15:20:00,CELL_117,5G,n41,-77.21,-10.61,10.04,-56.35,26.98,0.641,0,147.9
2026-01-04 15:25:00,CELL_123,LTE,B66,-70.88,-12.07,8.34,-48.46,36.1,0.145,0,98.28
2026-01-04 15:30:00,CELL_124,5G,n41,-105.26,-14.32,9.14,-83.41,35.28,0.304,0,120.84
2026-01-04 15:35:00,CELL_114,LTE,B4,-93.82,-10.8,24.61,-77.88,32.08,0.586,0,100.43
2026-01-04 15:40:00,CELL_129,LTE,B66,-93.85,-10.65,-6.69,-74.49,64.17,0.889,1,31.53
2026-01-04 15:45:00,CELL_109,LTE,B66,-95.27,-8.17,5.98,-78.62,49.32,0.405,0,82.23
2026-01-04 15:50:00,CELL_113,LTE,B2,-102.44,-10.59,32.12,-82.25,29.89,0.046,2,115.54
2026-01-04 15:55:00,CELL_124,5G,n41,-113.31,-7.31,17.14,-93.6,34.42,0.433,0,110.24
2026-01-04 16:00:00,CELL_113,5G,n77,-92.8,-10.98,5.26,-76.71,34.86,2.734,1,118.31
2026-01-04 16:05:00,CELL_110,LTE,B66,-103.99,-11.35,12.71,-92.64,60.22,1.035,1,55.19
2026-01-04 16:10:00,CELL_116,LTE,B12,-92.88,-7.81,13.47,-74.15,32.99,0.866,1,84.44
2026-01-04 16:15:00,CELL_118,5G,n77,-104.32,-13.94,18.92,-87.34,44.51,0.298,0,142.86
2026-01-04 16:20:00,CELL_129,5G,n77,-108.3,-2.56,25.88,-99.75,33.63,0.455,0,158.44
2026-01-04 16:25:00,CELL_118,5G,n77,-90.95,-9.87,15.72,-70.42,55.37,0.039,1,143.89
2026-01-04 16:30:00,CELL_105,LTE,B2,-92.04,-9.86,9.22,-69.21,61.36,0.274,3,65.29
2026-01-04 16:35:00,CELL_101,5G,n77,-86.47,-9.42,18.51,-55.83,35.95,0.989,0,185.15
2026-01-04 16:40:00,CELL_129,LTE,B66,-65.58,-5.37,8.11,-49.54,38.07,0.872,0,125.88
2026-01-04 16:45:00,CELL_112,5G,n77,-90.4,-8.62,5.77,-75.09,40.6,0.364,1,137.84
2026-01-04 16:50:00,CELL_106,LTE,B4,-87.69,-15.82,0.68,-75.24,39.29,0.64,0,68.28
2026-01-04 16:55:00,CELL_106,5G,n41,-108.01,-6.79,2.04,-88.97,58.2,0.752,1,74.76
2026-01-04 17:00:00,CELL_103,LTE,B66,-110.73,-12.02,6.72,-91.72,43.18,0.386,0,61.52
2026-01-04 17:05:00,CELL_105,LTE,B4,-73.42,-10.68,4.76,-59.48,35.92,1.089,1,93.55
2026-01-04 17:10:00,CELL_123,5G,n77,-106.01,-14.84,15.19,-88.88,26.11,0.857,1,123.15
2026-01-04 17:15:00,CELL_119,5G,n77,-107.57,-9.42,4.6,-99.46,14.8,0.473,1,109.55
2026-01-04 17:20:00,CELL_117,LTE,B4,-94.51,-12.95,-9.01,-71.88,50.35,0.159,1,21.63
2026-01-04 17:25:00,CELL_100,5G,n77,-95.17,-10.7,5.69,-81.03,20.7,0.438,1,141.89
2026-01-04 17:30:00,CELL_120,5G,n77,-105.73,-11.85,9.7,-87.91,49.47,0.406,2,117.83
2026-01-04 17:35:00,CELL_129,LTE,B4,-97.96,-5.22,8.76,-87.1,22.61,0.363,0,80.45
2026-01-04 17:40:00,CELL_127,LTE,B4,-78.02,-5.05,23.64,-62.93,43.91,0.084,0,128.42
2026-01-04 17:45:00,CELL_111,LTE,B66,-104.48,-10.86,8.71,-87.88,59.25,2.19,1,34.5
2026-01-04 17:50:00,CELL_118,5G,n77,-112.12,-10.81,unknown,-94.17,5.0,2.105,2,105.18
2026-01-04 17:55:00,CELL_108,LTE,B4,-81.75,-12.12,12.87,-61.35,72.27,0.618,1,67.84
2026-01-04 18:00:00,CELL_126,LTE,B66,-87.6,-7.68,12.7,-62.4,35.62,0.885,1,81.64
2026-01-04 18:05:00,CELL_127,5G,n77,-102.07,-11.99,7.15,-80.4,35.12,1.072,1,102.89
2026-01-04 18:10:00,CELL_106,5G,n41,-114.57,-12.26,12.59,-91.76,41.57,0.628,0,113.02
2026-01-04 18:15:00,CELL_114,5G,n77,-103.68,-8.06,7.64,-78.45,43.89,0.943,0,120.98
2026-01-04 18:20:00,CELL_107,5G,n77,-94.71,-12.61,14.19,-73.86,37.11,1.209,1,135.23
2026-01-04 18:25:00,CELL_118,5G,n77,-78.85,-11.11,11.35,-61.03,47.96,0.828,0,168.34
2026-01-04 18:30:00,CELL_108,5G,n77,-107.48,-15.74,6.39,-84.43,40.79,1.396,0,93.04
2026-01-04 18:35:00,CELL_120,5G,n77,-95.1,-8.89,19.94,-71.73,59.41,999.0,0,143.6
2026-01-04 18:40:00,CELL_129,LTE,B66,-85.22,-5.18,15.99,-63.98,49.83,0.699,4,89.64
2026-01-04 18:45:00,CELL_126,LTE,B2,-124.96,-8.84,9.86,-114.23,71.47,4.84,0,13.44
2026-01-04 18:50:00,CELL_105,LTE,B66,-80.56,-6.61,14.02,-66.77,55.52,1.676,1,91.62
2026-01-04 18:55:00,CELL_103,5G,n77,,-13.54,12.41,-92.75,5.91,0.846,0,131.64
2026-01-04 19:00:00,CELL_124,LTE,B66,-89.68,-10.29,6.93,-67.79,81.17,0.245,1,39.95
2026-01-04 19:05:00,CELL_102,LTE,B12,-90.79,-13.83,13.49,-72.9,33.38,0.734,0,80.63
2026-01-04 19:10:00,CELL_112,5G,n77,-79.9,-11.68,8.65,-56.22,55.43,1.586,0,150.43
2026-01-04 19:15:00,CELL_129,LTE,B4,-86.84,-8.68,6.39,-62.26,42.4,1.326,2,46.47
2026-01-04 19:20:00,CELL_113,LTE,B12,-124.9,-10.69,1.64,-100.91,57.92,0.054,2,26.23
2026-01-04 19:25:00,CELL_100,5G,n77,-104.2,-15.24,10.49,-80.17,22.67,0.09,1,134.06
2026-01-04 19:30:00,CELL_129,5G,n77,-92.2,-14.95,16.97,-79.39,42.39,1.087,1,135.43
2026-01-04 19:35:00,CELL_121,LTE,B2,-96.53,-15.14,8.14,-76.12,38.2,0.099,0,63.72
2026-01-04 19:40:00,CELL_109,LTE,B2,-87.79,-9.53,30.64,-72.83,65.69,0.231,1,141.5
2026-01-04 19:45:00,CELL_118,LTE,B66,-83.74,-4.81,19.2,-73.98,48.58,0.605,0,124.16
2026-01-04 19:50:00,CELL_118,5G,n41,-86.09,-6.91,22.13,-69.53,47.04,1.806,1,156.37
2026-01-04 19:55:00,CELL_116,5G,n41,-96.79,-16.69,18.57,-72.16,5.0,1.133,0,160.45
2026-01-04 20:00:00,CELL_128,LTE,B66,-118.0,-6.74,25.97,-97.7,40.72,0.535,0,71.1
2026-01-04 20:05:00,CELL_123,5G,n41,-99.92,-8.19,7.49,-71.83,39.16,1.43,0,117.07
2026-01-04 20:10:00,CELL_107,LTE,B12,-88.59,-15.64,-4.93,-69.7,45.35,3.362,2,25.34
2026-01-04 20:15:00,CELL_129,LTE,B2,-108.18,-11.91,9.88,-77.94,56.42,0.74,1,47.92
2026-01-04 20:20:00,CELL_128,5G,n77,-85.79,-7.71,16.91,-66.91,27.51,0.146,1,185.79
2026-01-04 20:25:00,CELL_101,LTE,B2,-82.19,-9.35,14.06,-64.08,42.73,0.242,1,99.92
2026-01-04 20:30:00,CELL_108,LTE,B12,-92.35,-14.93,14.93,-80.75,59.72,0.239,0,71.28
2026-01-04 20:35:00,CELL_118,LTE,B2,-133.83,-9.17,22.25,-110.28,7.82,0.312,0,48.25
2026-01-04 20:40:00,CELL_126,5G,n77,-110.62,-17.41,15.67,-95.13,41.84,0.497,0,123.45
2026-01-04 20:45:00,CELL_121,5G,n77,-69.48,-11.67,18.59,-54.71,27.99,0.913,0,178.11
2026-01-04 20:50:00,CELL_117,5G,n41,-101.1,-7.59,6.42,-76.7,19.32,0.116,1,127.94
2026-01-04 20:55:00,CELL_109,LTE,B4,-119.79,-10.94,5.33,-96.0,47.05,1.2,0,7.54
2026-01-04 21:00:00,CELL_102,LTE,B2,-77.94,-12.5,24.3,-54.28,60.41,0.408,1,128.29
2026-01-04 21:05:00,CELL_126,5G,n77,-93.83,-8.33,unknown,-77.64,48.59,0.272,1,124.28
2026-01-04 21:10:00,CELL_115,LTE,B66,-79.64,-8.08,8.64,-61.89,39.97,0.557,4,87.8
2026-01-04 21:15:00,CELL_113,5G,n41,-90.4,-7.07,8.65,-72.7,46.14,2.064,1,118.65
2026-01-04 21:20:00,CELL_129,5G,n41,-88.04,-8.38,8.46,-66.13,46.02,1.345,0,151.7
2026-01-04 21:25:00,CELL_104,LTE,B2,-89.28,-7.76,8.04,-63.51,40.69,1.268,1,76.43
2026-01-04 21:30:00,CELL_107,5G,n41,-84.93,-8.8,4.02,-65.09,22.6,2.654,0,152.33
2026-01-04 21:35:00,CELL_125,LTE,B4,-64.39,-10.2,2.5,-36.52,32.47,0.953,1,108.15
2026-01-04 21:40:00,CELL_108,LTE,B12,-81.38,-10.73,11.63,-58.89,54.57,2.844,0,97.47
2026-01-04 21:45:00,CELL_128,LTE,B2,-114.54,-11.71,8.85,-97.72,41.37,3.02,0,31.86
2026-01-04 21:50:00,CELL_125,LTE,B66,-88.19,-14.64,20.75,-66.05,26.31,0.122,2,116.88
2026-01-04 21:55:00,CELL_102,5G,n77,-79.16,-13.87,15.05,-52.63,7.73,0.076,1,192.42
2026-01-04 22:00:00,CELL_113,5G,n77,-78.36,-11.85,14.86,-50.37,45.48,0.219,1,172.73
2026-01-04 22:05:00,CELL_122,5G,n77,-99.55,-10.28,7.8,-75.61,24.8,1.903,1,124.75
2026-01-04 22:10:00,CELL_114,5G,n41,-78.86,-6.68,12.15,-60.73,37.96,0.569,0,154.73
2026-01-04 22:15:00,CELL_106,LTE,B12,-81.94,-11.13,15.53,-65.02,60.6,0.5,1,93.74
2026-01-04 22:20:00,CELL_101,LTE,B66,-60.56,-7.99,18.01,-39.68,22.37,1.462,0,156.23
2026-01-04 22:25:00,CELL_100,5G,n41,-103.75,-7.76,12.34,-77.38,32.32,0.386,0,144.93
2026-01-04 22:30:00,CELL_105,5G,n77,-100.6,-11.69,20.55,-80.43,30.44,0.845,0,141.57
2026-01-04 22:35:00,CELL_107,LTE,B12,-97.98,-9.22,13.06,-77.71,47.7,1.199,1,61.65
2026-01-04 22:40:00,CELL_109,LTE,B66,-100.37,-11.73,18.55,-82.12,60.59,0.246,1,67.58
2026-01-04 22:45:00,CELL_125,LTE,B2,-105.57,-7.03,unknown,-89.21,22.06,0.18,0,80.83
2026-01-04 22:50:00,CELL_115,LTE,B12,-129.91,-9.09,0.31,-112.73,50.55,0.736,0,1.0
2026-01-04 22:55:00,CELL_104,5G,n41,-99.65,-14.57,14.88,-80.97,48.47,0.829,0,140.36
2026-01-04 23:00:00,CELL_102,lte,B4,-89.2,-10.52,18.08,-62.61,39.2,1.368,1,102.21
2026-01-04 23:05:00,CELL_103,5G,n77,-100.41,-6.06,17.03,-83.61,30.94,0.212,1,136.26
2026-01-04 23:10:00,CELL_109,5G,n41,-68.84,-11.54,15.96,-50.58,39.28,0.323,0,199.66
2026-01-04 23:15:00,CELL_122,5G,n77,-93.83,-9.66,10.56,-80.15,38.17,2.997,0,104.85
2026-01-04 23:20:00,CELL_101,LTE,B4,-77.22,-9.36,7.35,-55.63,50.74,1.645,0,104.75
2026-01-04 23:25:00,CELL_112,LTE,B2,-90.6,-14.11,16.86,-65.77,50.42,0.624,0,96.0
2026-01-04 23:30:00,CELL_113,5g,n77,-83.26,-9.47,15.99,-57.13,18.27,1.866,1,135.61
2026-01-04 23:35:00,CELL_104,5G,n41,-90.37,-15.18,9.07,-71.35,47.85,0.213,1,151.65
2026-01-04 23:40:00,CELL_101,LTE,B4,-76.21,-12.88,20.77,-55.33,59.5,0.554,1,126.22
2026-01-04 23:45:00,CELL_106,5G,n41,-93.27,-7.77,6.82,-76.04,35.79,0.822,0,122.46
2026-01-04 23:50:00,CELL_104,LTE,B2,-87.55,-9.93,8.92,-66.91,19.59,0.492,1,79.87
2026-01-04 23:55:00,CELL_123,5G,n41,-89.24,-11.91,24.45,-69.67,31.28,0.51,1,152.97
2026-01-05 00:00:00,CELL_127,5g,B4,-97.75,-9.66,19.08,-79.46,44.92,1.311,1,113.11
2026-01-05 00:05:00,CELL_118,LTE,B12,-88.74,-11.18,10.49,-70.05,24.83,120.0,1,73.78
2026-01-05 00:10:00,CELL_122,LTE,B2,-64.95,-10.96,15.01,-44.69,36.6,0.438,1,112.72
2026-01-05 00:15:00,CELL_122,LTE,B12,-97.52,-9.03,14.08,-80.99,20.86,0.132,0,95.2
2026-01-05 00:20:00,CELL_126,LTE,B12,-88.55,-13.18,-6.22,-71.76,51.11,0.095,0,29.29
2026-01-05 00:25:00,CELL_102,LTE,B66,-77.65,-10.88,6.65,-51.11,44.49,0.032,0,82.02
2026-01-05 00:30:00,CELL_129,LTE,B4,-79.18,-11.94,12.64,-47.62,17.31,2.62,0,114.21
2026-01-05 00:35:00,CELL_113,5G,n41,-93.85,-15.76,10.5,-81.87,38.27,1.315,1,134.72
2026-01-05 00:40:00,CELL_116,LTE,B2,-124.98,-13.76,14.73,-113.28,41.15,1.079,2,34.58
2026-01-05 00:45:00,CELL_123,5G,n41,-87.28,-6.3,20.91,-74.07,40.75,0.379,1,163.91
2026-01-05 00:50:00,CELL_114,5G,n41,-122.85,-9.85,10.75,-105.37,27.13,0.376,1,94.76
2026-01-05 00:55:00,CELL_107,LTE,B66,-74.89,-14.97,5.6,-52.41,29.98,1.709,2,88.33
2026-01-05 01:00:00,CELL_100,LTE,B2,-91.8,-15.62,15.27,-70.84,30.44,0.077,2,85.72
2026-01-05 01:05:00,CELL_105,5G,n77,-81.0,-11.34,10.71,-62.14,24.93,0.459,1,150.02
2026-01-05 01:10:00,CELL_102,5G,n41,-105.73,-6.32,11.91,-85.08,33.28,1.915,0,109.51
2026-01-05 01:15:00,CELL_111,LTE,B4,-114.18,-11.56,10.96,-99.64,44.22,0.458,0,42.7
2026-01-05 01:20:00,CELL_123,5G,n77,-90.61,-7.08,28.69,-73.83,30.14,1.258,0,189.76
2026-01-05 01:25:00,CELL_110,LTE,B4,-94.44,-9.94,-2.68,-76.54,35.65,0.649,1,59.46
2026-01-05 01:30:00,CELL_117,LTE,B4,-100.39,-9.59,10.28,-90.31,36.73,0.622,2,56.11
2026-01-05 01:35:00,CELL_105,5G,n77,-92.9,-15.01,12.97,-80.71,70.62,0.751,0,112.44
2026-01-05 01:40:00,CELL_117,LTE,B66,-58.02,-8.19,7.53,-45.63,30.44,0.575,0,123.32
2026-01-05 01:45:00,CELL_128,5G,n41,-83.15,-12.0,19.3,-61.33,24.63,0.169,0,201.41
2026-01-05 01:50:00,CELL_109,LTE,B2,-80.36,-8.41,18.69,-61.13,91.41,0.582,0,80.52
2026-01-05 01:55:00,CELL_114,5G,n41,-83.03,-13.44,12.67,-61.97,39.32,0.036,0,154.37
2026-01-05 02:00:00,CELL_128,LTE,B66,-74.77,-10.47,11.11,-65.97,21.3,0.453,0,115.65
2026-01-05 02:05:00,CELL_118,LTE,B4,-96.47,-9.94,12.22,-85.89,54.64,1.346,0,67.67
2026-01-05 02:10:00,CELL_111,LTE,B2,-120.71,-11.46,12.27,-99.4,28.35,2.507,1,34.06
2026-01-05 02:15:00,CELL_103,LTE,B12,-96.45,-9.79,12.45,-92.34,55.64,2.188,0,78.56
2026-01-05 02:20:00,CELL_128,5G,n41,-83.45,-11.8,11.68,-59.32,29.84,0.206,1,160.43
2026-01-05 02:25:00,CELL_118,LTE,B4,-106.61,-12.95,14.77,-97.72,35.4,0.102,2,81.74
2026-01-05 02:30:00,CELL_101,LTE,B66,-96.29,-6.18,18.27,-74.08,66.14,0.822,3,81.5
2026-01-05 02:35:00,CELL_116,LTE,B66,-102.99,-7.85,4.39,-89.44,50.5,0.705,0,59.53
2026-01-05 02:40:00,CELL_129,LTE,B4,-74.47,-13.28,5.65,-51.23,56.59,1.179,0,103.93
2026-01-05 02:45:00,CELL_127,5G,n41,-84.26,-9.29,0.76,-50.22,39.52,0.344,1,142.14
2026-01-05 02:50:00,CELL_105,LTE,B12,-85.53,-13.23,19.06,-78.9,35.33,0.726,0,137.35
2026-01-05 02:55:00,CELL_112,5G,n41,-85.92,-14.55,14.75,-64.44,42.17,0.688,0,166.81
bad_timestamp,CELL_129,LTE,B66,-94.48,-7.9,16.54,-85.53,60.14,0.47,0,74.94
2026-01-05 03:05:00,CELL_123,5G,n77,-91.43,-16.11,2.99,-71.3,35.02,0.068,0,136.46
2026-01-05 03:10:00,CELL_116,LTE,B2,-109.41,-8.22,25.49,-92.44,69.02,1.329,0,81.96
2026-01-05 03:15:00,CELL_109,LTE,B2,-122.42,-11.76,8.74,-103.77,54.76,0.828,1,50.52
2026-01-05 03:20:00,CELL_122,5G,n41,-92.05,-11.63,14.18,-78.61,36.18,1.41,0,129.87
2026-01-05 03:25:00,CELL_117,5G,n41,-89.79,-9.77,18.98,-67.89,36.77,1.708,0,159.51
2026-01-05 03:30:00,CELL_115,5G,n41,-78.28,-9.26,6.09,-67.52,35.06,0.631,1,137.64
2026-01-05 03:35:00,CELL_127,LTE,B66,-73.57,-13.48,9.18,-49.36,23.23,1.337,3,107.49
2026-01-05 03:40:00,CELL_111,LTE,B2,-73.59,-8.85,14.25,-57.64,40.65,2.554,1,99.36
2026-01-05 03:45:00,CELL_118,5G,n41,-106.97,-10.66,33.0,-95.99,36.32,3.221,1,155.34
2026-01-05 03:50:00,CELL_101,LTE,B2,-98.58,-14.77,15.11,-72.6,35.76,0.925,1,63.59
2026-01-05 03:55:00,CELL_121,5G,n41,-87.76,-11.51,24.24,-70.09,38.07,0.992,0,179.31
2026-01-05 02:10:00,CELL_111,LTE,B2,-120.71,-11.46,12.27,-99.4,28.35,2.507,1,34.06
2026-01-04 00:05:00,CELL_116,5G,n77,-100.22,-15.36,2.54,-72.62,12.32,0.351,0,105.3
2026-01-01 08:25:00,CELL_105,5G,n77,-95.5,-13.32,1.93,-77.07,38.31,2.043,1,108.18
2026-01-02 12:35:00,CELL_129,5G,n77,-112.48,-13.95,28.67,-100.42,12.28,2.083,0,141.86
2026-01-01 04:50:00,CELL_106,LTE,B12,-88.66,-6.35,6.82,-63.31,39.8,0.329,0,63.91
2026-01-04 21:20:00,CELL_129,5G,n41,-88.04,-8.38,8.46,-66.13,46.02,1.345,0,151.7
2026-01-02 02:55:00,CELL_116,LTE,B12,-111.85,-11.72,10.1,-97.52,27.66,1.723,0,69.74
2026-01-04 09:10:00,CELL_104,LTE,B4,-89.85,-14.24,5.25,-80.76,39.11,0.941,0,80.4
2026-01-02 10:15:00,CELL_128,5G,n77,-110.41,-3.1,15.07,-93.35,35.15,1.015,1,118.84
2026-01-03 23:15:00,CELL_112,4G,B12,-87.8,-7.99,22.51,-67.44,32.75,0.892,1,108.57
2026-01-03 20:20:00,CELL_111,LTE,B4,-104.22,-8.93,18.06,-88.98,36.51,0.076,1,79.15
2026-01-01 03:40:00,CELL_127,5G,n41,-64.34,-18.12,18.51,-49.18,30.17,0.243,1,200.97
2026-01-01 04:05:00,CELL_111,LTE,B12,-103.28,-15.32,9.76,-85.48,42.7,1.9,0,29.96
2026-01-03 22:45:00,CELL_118,5G,n77,-94.13,-14.08,7.74,-68.88,16.88,1.388,2,130.46
2026-01-01 20:00:00,CELL_123,5G,n77,-101.55,-7.46,19.88,-82.38,32.05,2.03,0,152.76
